log_file,dataset,model_type,run_mode,seed,n_inters,checkpoint_path,ndcg_at20,hit_at20,mrr_at20,recall_at20,precision_at20,averagepopularity_at20,giniindex_at20,itemcoverage_at20,shannonentropy_at20,tailpercentage_at20,murr,ARP,APLT,ACLT,PopRSP,PopRSP_p_shorthead,PopRSP_p_longtail,PopREO,PopREO_p_shorthead,PopREO_p_longtail
murr-dataset/amazon-office/de/de_no_dis_a1_filter.log,amazon-office,de,a1,,53258,saved/ensembles/amazon/office/filter/de_no_dis_a1/SASRec_DE_posthoc_member1.pth saved/ensembles/amazon/office/filter/de_no_dis_a1/SASRec_DE_posthoc_member2.pth saved/ensembles/amazon/office/filter/de_no_dis_a1/SASRec_DE_posthoc_member3.pth saved/ensembles/amazon/office/filter/de_no_dis_a1/SASRec_DE_posthoc_member4.pth saved/ensembles/amazon/office/filter/de_no_dis_a1/SASRec_DE_posthoc_member5.pth,0.0624,0.157,0.0362,0.157,0.0078,54.5896,0.7672,0.9079,0.003,0.0056,0.135853,39.399001,0.307146,6.142915,0.802744,0.029359,0.003212,0.579885,0.309899,0.082407
murr-dataset/amazon-office/de/de_no_dis_.log,amazon-office,de,no_dis,,53258,saved/ensemble/amazon/office/posthoc/SASRec_DE_posthoc_member1.pth saved/ensemble/amazon/office/posthoc/SASRec_DE_posthoc_member2.pth saved/ensemble/amazon/office/posthoc/SASRec_DE_posthoc_member3.pth saved/ensemble/amazon/office/posthoc/SASRec_DE_posthoc_member4.pth saved/ensemble/amazon/office/posthoc/SASRec_DE_posthoc_member5.pth,0.0621,0.1547,0.0364,0.1547,0.0077,54.5431,0.7733,0.9038,0.003,0.0053,0.141489,49.78584,0.310408,6.208156,0.798015,0.005738,0.000645,0.542374,0.20848,0.061857
murr-dataset/amazon-office/de/de_no_dis_alpha0_filter.log,amazon-office,de,alpha0,,53258,saved/ensembles/amazon/office/filter/de_no_dis_alpha0/SASRec_DE_posthoc_member1.pth saved/ensembles/amazon/office/filter/de_no_dis_alpha0/SASRec_DE_posthoc_member2.pth saved/ensembles/amazon/office/filter/de_no_dis_alpha0/SASRec_DE_posthoc_member3.pth saved/ensembles/amazon/office/filter/de_no_dis_alpha0/SASRec_DE_posthoc_member4.pth saved/ensembles/amazon/office/filter/de_no_dis_alpha0/SASRec_DE_posthoc_member5.pth,0.0628,0.1572,0.0366,0.1572,0.0079,54.1702,0.7616,0.912,0.003,0.0058,0.143662,38.964159,0.315556,6.311111,0.79566,0.029002,0.0033,0.564912,0.309336,0.086004
murr-dataset/amazon-office/mcd/mcd_no_dis_a1_seed_2020_filter.log,amazon-office,mcd,a1,2020,53258,saved/sasrec_mcd_Apr-26-2026_09-36-08.pth,0.0606,0.1515,0.0354,0.1515,0.0076,49.1812,0.7135,0.9306,0.003,0.0096,0.0,35.978838,0.373588,7.471764,0.743351,0.026541,0.003907,0.549531,0.292463,0.085023
murr-dataset/amazon-office/mcd/mcd_no_dis_a1_seed_2021_filter_.log,amazon-office,mcd,a1,2021,53258,saved/sasrec_mcd_Apr-30-2026_13-57-01.pth,0.0597,0.149,0.0347,0.149,0.0075,52.4414,0.7645,0.8835,0.0031,0.0063,0.0,38.759969,0.313517,6.270336,0.797385,0.029088,0.003279,0.603227,0.302587,0.074886
murr-dataset/amazon-office/mcd/mcd_no_dis_a1_seed_2022_filter_.log,amazon-office,mcd,a1,2022,53258,saved/sasrec_mcd_Apr-30-2026_13-57-47.pth,0.0603,0.1509,0.0352,0.1509,0.0075,49.1849,0.707,0.938,0.003,0.009,0.0,16.877931,0.845494,16.909888,0.149183,0.006547,0.008843,0.450126,0.012936,0.004905
murr-dataset/amazon-office/mcd/mcd_no_dis_a1_seed_2023_filter_.log,amazon-office,mcd,a1,2023,53258,saved/sasrec_mcd_Apr-30-2026_13-58-25.pth,0.0602,0.1513,0.0348,0.1513,0.0076,51.4526,0.7458,0.9,0.0031,0.0066,0.0,16.877931,0.845494,16.909888,0.149183,0.006547,0.008843,0.450126,0.012936,0.004905
murr-dataset/amazon-office/mcd/mcd_no_dis_a1_seed_2024_filter_.log,amazon-office,mcd,a1,2024,53258,saved/sasrec_mcd_Apr-30-2026_13-59-50.pth,0.0629,0.1547,0.0375,0.1547,0.0077,53.9606,0.7908,0.8517,0.0031,0.0051,0.0,16.877931,0.845494,16.909888,0.149183,0.006547,0.008843,0.450126,0.012936,0.004905
murr-dataset/amazon-office/mcd/mcd_no_dis_alpha0_seed_2020_filter_.log,amazon-office,mcd,alpha0,2020,53258,saved/sasrec_mcd_Apr-26-2026_09-36-26.pth,0.0609,0.1533,0.0354,0.1533,0.0077,48.9571,0.7112,0.9314,0.003,0.0095,0.0,16.877931,0.845494,16.909888,0.149183,0.006547,0.008843,0.450126,0.012936,0.004905
murr-dataset/amazon-office/mcd/mcd_no_dis_alpha0_seed_2021_filter_.log,amazon-office,mcd,alpha0,2021,53258,saved/sasrec_mcd_Apr-30-2026_13-57-10.pth,0.0593,0.1486,0.0343,0.1486,0.0074,52.2946,0.7682,0.8827,0.0031,0.0061,0.0,16.877931,0.845494,16.909888,0.149183,0.006547,0.008843,0.450126,0.012936,0.004905
murr-dataset/amazon-office/mcd/mcd_no_dis_alpha0_seed_2022_filter_.log,amazon-office,mcd,alpha0,2022,53258,saved/sasrec_mcd_Apr-30-2026_13-57-32.pth,0.0606,0.1515,0.0354,0.1515,0.0076,48.3136,0.6931,0.943,0.003,0.01,0.0,16.877931,0.845494,16.909888,0.149183,0.006547,0.008843,0.450126,0.012936,0.004905
murr-dataset/amazon-office/mcd/mcd_no_dis_alpha0_seed_2023_filter_.log,amazon-office,mcd,alpha0,2023,53258,saved/sasrec_mcd_Apr-30-2026_13-58-37.pth,0.0596,0.1507,0.0343,0.1507,0.0075,51.8245,0.7546,0.893,0.0031,0.0064,0.0,16.877931,0.845494,16.909888,0.149183,0.006547,0.008843,0.450126,0.012936,0.004905
murr-dataset/amazon-office/mcd/mcd_no_dis_alpha0_seed_2024_filter_.log,amazon-office,mcd,alpha0,2024,53258,saved/sasrec_mcd_Apr-30-2026_13-59-22.pth,0.0627,0.1545,0.0373,0.1545,0.0077,53.6237,0.7883,0.8542,0.0031,0.0052,0.0,16.877931,0.845494,16.909888,0.149183,0.006547,0.008843,0.450126,0.012936,0.004905
murr-dataset/amazon-office/mcd/mcd_no_dis_seed_2021_filter.log,amazon-office,mcd,no_dis,2021,53258,saved/sasrec_mcd_Apr-30-2026_13-56-48.pth,0.0596,0.1488,0.0346,0.1488,0.0074,52.4077,0.7696,0.8831,0.0031,0.0059,0.0,16.877931,0.845494,16.909888,0.149183,0.006547,0.008843,0.450126,0.012936,0.004905
murr-dataset/amazon-office/mcd/mcd_no_dis_seed_2022_filter_.log,amazon-office,mcd,no_dis,2022,53258,saved/sasrec_mcd_Apr-30-2026_13-57-55.pth,0.0605,0.1501,0.0355,0.1501,0.0075,49.3244,0.7086,0.9327,0.003,0.0087,0.0,16.877931,0.845494,16.909888,0.149183,0.006547,0.008843,0.450126,0.012936,0.004905
murr-dataset/amazon-office/mcd/mcd_no_dis_seed_2023_filter_.log,amazon-office,mcd,no_dis,2023,53258,saved/sasrec_mcd_Apr-30-2026_13-58-14.pth,0.0598,0.1492,0.0349,0.1492,0.0075,53.1335,0.7749,0.8691,0.0031,0.0053,0.0,16.877931,0.845494,16.909888,0.149183,0.006547,0.008843,0.450126,0.012936,0.004905
murr-dataset/amazon-office/mcd/mcd_no_dis_seed_2024_filter_.log,amazon-office,mcd,no_dis,2024,53258,saved/sasrec_mcd_Apr-30-2026_13-59-59.pth,0.0632,0.1562,0.0375,0.1562,0.0078,53.7491,0.7897,0.8521,0.0031,0.0051,0.0,16.877931,0.845494,16.909888,0.149183,0.006547,0.008843,0.450126,0.012936,0.004905
murr-dataset/amazon-office/bm/dirichlet_bm_a1_seed_2020_filter.log,amazon-office,bm,a1,2020,53258,saved/sasrec_dirichlet_no_dis_bm_Apr-23-2026_11-58-55.pth,0.0604,0.1441,0.0375,0.1441,0.0072,55.8354,0.7432,0.9298,0.0029,0.0079,0.151624,42.623598,0.287655,5.753109,0.818726,0.030185,0.003009,0.603891,0.295276,0.072923
murr-dataset/amazon-office/bm/dirichlet_bm_a1_seed_2021_filter.log,amazon-office,bm,a1,2021,53258,saved/sasrec_dirichlet_no_dis_bm_Apr-25-2026_11-44-41.pth,0.0577,0.1333,0.0368,0.1333,0.0067,56.4067,0.7518,0.9195,0.003,0.0079,0.15335,43.101855,0.274913,5.498267,0.828852,0.030725,0.002875,0.64708,0.28234,0.060497
murr-dataset/amazon-office/bm/dirichlet_bm_a1_seed_2022_filter.log,amazon-office,bm,a1,2022,53258,saved/sasrec_dirichlet_no_dis_bm_Apr-25-2026_11-45-36.pth,0.0599,0.1394,0.0379,0.1394,0.007,55.4225,0.7392,0.9327,0.0029,0.0082,0.158403,42.25948,0.294975,5.89949,0.812796,0.029875,0.003085,0.619311,0.285152,0.067037
murr-dataset/amazon-office/bm/dirichlet_bm_a1_seed_2023_filter.log,amazon-office,bm,a1,2023,53258,saved/sasrec_dirichlet_no_dis_bm_Apr-25-2026_12-02-50.pth,0.0589,0.1399,0.0367,0.1399,0.007,56.8313,0.7527,0.9166,0.003,0.0085,0.144893,43.568298,0.270724,5.414475,0.832129,0.030902,0.002831,0.651356,0.295838,0.062459
murr-dataset/amazon-office/bm/dirichlet_bm_a1_seed_2024_filter.log,amazon-office,bm,a1,2024,53258,saved/sasrec_dirichlet_no_dis_bm_Apr-25-2026_12-03-20.pth,0.0598,0.1405,0.0377,0.1405,0.007,58.2067,0.7692,0.9095,0.003,0.0077,0.155995,44.685576,0.254006,5.080122,0.844947,0.031611,0.002657,0.671253,0.3009,0.059189
murr-dataset/amazon-office/bm/dirichlet_bm_alpha0_seed_2020_filter.log,amazon-office,bm,alpha0,2020,53258,saved/sasrec_dirichlet_no_dis_bm_Apr-25-2026_12-59-35.pth,0.0606,0.1439,0.0378,0.1439,0.0072,55.6892,0.7411,0.9298,0.003,0.0082,0.160553,42.482141,0.290622,5.812436,0.816333,0.030059,0.00304,0.605317,0.295276,0.072596
murr-dataset/amazon-office/bm/dirichlet_bm_alpha0_seed_2021_filter.log,amazon-office,bm,alpha0,2021,53258,saved/sasrec_dirichlet_no_dis_bm_Apr-25-2026_12-59-08.pth,0.058,0.1337,0.037,0.1337,0.0067,56.0414,0.7461,0.9215,0.003,0.0082,0.162435,42.734271,0.282915,5.658308,0.822522,0.030386,0.002959,0.637707,0.28234,0.062459
murr-dataset/amazon-office/bm/dirichlet_bm_alpha0_seed_2022_filter.log,amazon-office,bm,alpha0,2022,53258,saved/sasrec_dirichlet_no_dis_bm_Apr-25-2026_12-58-39.pth,0.0599,0.1401,0.0378,0.1401,0.007,55.874,0.7451,0.9323,0.0029,0.0079,0.166659,42.743231,0.285515,5.710296,0.820444,0.030276,0.002986,0.622327,0.287964,0.067037
murr-dataset/amazon-office/bm/dirichlet_bm_alpha0_seed_2023_filter.log,amazon-office,bm,alpha0,2023,53258,saved/sasrec_dirichlet_no_dis_bm_Apr-25-2026_12-55-43.pth,0.0589,0.1392,0.0368,0.1392,0.007,56.3454,0.748,0.9199,0.003,0.0088,0.155743,43.151713,0.278583,5.571662,0.825961,0.030569,0.002914,0.650669,0.293588,0.062132
murr-dataset/amazon-office/bm/dirichlet_bm_alpha0_seed_2024_filter.log,amazon-office,bm,alpha0,2024,53258,saved/sasrec_dirichlet_no_dis_bm_Apr-25-2026_12-53-41.pth,0.0608,0.1427,0.0383,0.1427,0.0071,56.758,0.7562,0.917,0.003,0.0083,0.168726,43.400183,0.271794,5.435882,0.831294,0.030857,0.002843,0.651347,0.302025,0.063767
murr-dataset/amazon-office/bm/dirichlet_bm_no_dis_seed_2020_filter.log,amazon-office,bm,no_dis,2020,53258,saved/sasrec_dirichlet_no_dis_bm_Apr-25-2026_09-40-48.pth,0.0603,0.1431,0.0376,0.1431,0.0072,55.7213,0.742,0.9294,0.003,0.0079,0.154405,42.50476,0.289378,5.787564,0.817338,0.030112,0.003027,0.605097,0.2964,0.072923
murr-dataset/amazon-office/bm/dirichlet_bm_no_dis_seed_2021_filter.log,amazon-office,bm,no_dis,2021,53258,saved/sasrec_dirichlet_no_dis_bm_Apr-25-2026_10-23-24.pth,0.0579,0.1341,0.0368,0.1341,0.0067,56.2955,0.7504,0.9186,0.003,0.0081,0.156437,43.025321,0.276259,5.525178,0.827795,0.030668,0.002889,0.644525,0.282902,0.061151
murr-dataset/amazon-office/bm/dirichlet_bm_no_dis_seed_2022_filter.log,amazon-office,bm,no_dis,2022,53258,saved/sasrec_dirichlet_no_dis_bm_Apr-25-2026_10-25-17.pth,0.0598,0.1394,0.0378,0.1394,0.007,55.3305,0.7375,0.9339,0.0029,0.0085,0.161308,42.199501,0.296249,5.924975,0.811755,0.029821,0.003098,0.616036,0.286277,0.068018
murr-dataset/amazon-office/bm/dirichlet_bm_no_dis_seed_2023_filter.log,amazon-office,bm,no_dis,2023,53258,saved/sasrec_dirichlet_no_dis_bm_Apr-25-2026_10-25-58.pth,0.0588,0.1388,0.0367,0.1388,0.0069,56.4986,0.7492,0.9178,0.003,0.0087,0.148286,43.242579,0.276769,5.535372,0.827393,0.030646,0.002895,0.64523,0.289651,0.062459
murr-dataset/amazon-office/bm/dirichlet_bm_no_dis_seed_2024_filter.log,amazon-office,bm,no_dis,2024,53258,saved/sasrec_dirichlet_no_dis_bm_Apr-25-2026_10-26-42.pth,0.0614,0.1423,0.0392,0.1423,0.0071,56.3273,0.748,0.9244,0.003,0.0085,0.165645,43.03001,0.280438,5.608767,0.824492,0.030491,0.002933,0.645132,0.29865,0.064421
murr-dataset/amazon-office/edl/dirichlet_edl_no_dis_a1_seed_2020_filter.log,amazon-office,edl,a1,2020,53258,saved/sasrec_dirichlet_no_dis_edl_Apr-26-2026_19-40-32.pth,0.0591,0.1411,0.0366,0.1411,0.0071,56.3456,0.7521,0.9236,0.003,0.0074,0.153481,43.066585,0.27842,5.5684,0.82609,0.030576,0.002912,0.612987,0.293026,0.070307
murr-dataset/amazon-office/edl/dirichlet_edl_no_dis_a1_seed_2021_filter.log,amazon-office,edl,a1,2021,53258,saved/sasrec_dirichlet_no_dis_bm_Apr-30-2026_14-24-17.pth,0.0577,0.1333,0.0368,0.1333,0.0067,56.4067,0.7518,0.9195,0.003,0.0079,0.15335,43.101855,0.274913,5.498267,0.828852,0.030725,0.002875,0.64708,0.28234,0.060497
murr-dataset/amazon-office/edl/dirichlet_edl_no_dis_a1_seed_2022_filter.log,amazon-office,edl,a1,2022,53258,saved/sasrec_dirichlet_no_dis_bm_Apr-30-2026_14-27-10.pth,0.0599,0.1394,0.0379,0.1394,0.007,55.4225,0.7392,0.9327,0.0029,0.0082,0.158403,42.25948,0.294975,5.89949,0.812796,0.029875,0.003085,0.619311,0.285152,0.067037
murr-dataset/amazon-office/edl/dirichlet_edl_no_dis_a1_seed_2023_filter.log,amazon-office,edl,a1,2023,53258,saved/sasrec_dirichlet_no_dis_bm_Apr-30-2026_14-28-08.pth,0.0589,0.1399,0.0367,0.1399,0.007,56.8313,0.7527,0.9166,0.003,0.0085,0.144893,43.568298,0.270724,5.414475,0.832129,0.030902,0.002831,0.651356,0.295838,0.062459
murr-dataset/amazon-office/edl/dirichlet_edl_no_dis_a1_seed_2024_filter.log,amazon-office,edl,a1,2024,53258,saved/sasrec_dirichlet_no_dis_bm_Apr-30-2026_14-28-59.pth,0.0598,0.1405,0.0377,0.1405,0.007,58.2067,0.7692,0.9095,0.003,0.0077,0.155995,44.685576,0.254006,5.080122,0.844947,0.031611,0.002657,0.671253,0.3009,0.059189
murr-dataset/amazon-office/edl/dirichlet_edl_no_dis_alpha0_seed_2020_filter.log,amazon-office,edl,alpha0,2020,53258,saved/sasrec_dirichlet_no_dis_edl_Apr-26-2026_19-40-55.pth,0.0603,0.1437,0.0375,0.1437,0.0072,55.541,0.7416,0.9244,0.003,0.008,0.163602,42.361621,0.290693,5.813863,0.816275,0.030056,0.00304,0.601047,0.291339,0.072596
murr-dataset/amazon-office/edl/dirichlet_edl_no_dis_alpha0_seed_2021_filter.log,amazon-office,edl,alpha0,2021,53258,saved/sasrec_dirichlet_no_dis_bm_Apr-30-2026_14-24-29.pth,0.058,0.1337,0.037,0.1337,0.0067,56.0414,0.7461,0.9215,0.003,0.0082,0.162435,42.734271,0.282915,5.658308,0.822522,0.030386,0.002959,0.637707,0.28234,0.062459
murr-dataset/amazon-office/edl/dirichlet_edl_no_dis_alpha0_seed_2022_filter.log,amazon-office,edl,alpha0,2022,53258,saved/sasrec_dirichlet_no_dis_bm_Apr-30-2026_14-26-54.pth,0.0599,0.1401,0.0378,0.1401,0.007,55.874,0.7451,0.9323,0.0029,0.0079,0.166659,42.743231,0.285515,5.710296,0.820444,0.030276,0.002986,0.622327,0.287964,0.067037
murr-dataset/amazon-office/edl/dirichlet_edl_no_dis_alpha0_seed_2023_filter.log,amazon-office,edl,alpha0,2023,53258,saved/sasrec_dirichlet_no_dis_bm_Apr-30-2026_14-28-22.pth,0.0589,0.1392,0.0368,0.1392,0.007,56.3454,0.748,0.9199,0.003,0.0088,0.155743,43.151713,0.278583,5.571662,0.825961,0.030569,0.002914,0.650669,0.293588,0.062132
murr-dataset/amazon-office/edl/dirichlet_edl_no_dis_alpha0_seed_2024_filter.log,amazon-office,edl,alpha0,2024,53258,saved/sasrec_dirichlet_no_dis_bm_Apr-30-2026_14-28-49.pth,0.0608,0.1427,0.0383,0.1427,0.0071,56.758,0.7562,0.917,0.003,0.0083,0.168726,43.400183,0.271794,5.435882,0.831294,0.030857,0.002843,0.651347,0.302025,0.063767
murr-dataset/amazon-office/edl/dirichlet_edl_no_dis_seed_2020_filter.log,amazon-office,edl,no_dis,2020,53258,saved/sasrec_dirichlet_no_dis_edl_Apr-26-2026_19-47-18.pth,0.0594,0.1419,0.0368,0.1419,0.0071,56.2349,0.7505,0.9232,0.003,0.0074,0.155704,42.990163,0.280092,5.601835,0.824767,0.030505,0.002929,0.615564,0.291339,0.069326
murr-dataset/amazon-office/edl/dirichlet_edl_no_dis_seed_2021_filter.log,amazon-office,edl,no_dis,2021,53258,saved/sasrec_dirichlet_no_dis_bm_Apr-30-2026_14-24-06.pth,0.0579,0.1341,0.0368,0.1341,0.0067,56.2844,0.7503,0.9195,0.003,0.008,0.156141,43.020795,0.27632,5.526402,0.827746,0.030665,0.00289,0.645106,0.283465,0.061151
murr-dataset/amazon-office/edl/dirichlet_edl_no_dis_seed_2022_filter.log,amazon-office,edl,no_dis,2022,53258,saved/sasrec_dirichlet_no_dis_bm_Apr-30-2026_14-27-20.pth,0.0599,0.1397,0.0379,0.1397,0.007,55.7447,0.7421,0.9327,0.0029,0.0081,0.161226,42.609755,0.289246,5.784913,0.817445,0.030118,0.003025,0.624113,0.289651,0.067037
murr-dataset/amazon-office/edl/dirichlet_edl_no_dis_seed_2023_filter.log,amazon-office,edl,no_dis,2023,53258,saved/sasrec_dirichlet_no_dis_bm_Apr-30-2026_14-27-55.pth,0.0588,0.1392,0.0367,0.1392,0.007,56.687,0.7509,0.919,0.003,0.0086,0.148525,43.465484,0.272742,5.454842,0.830554,0.030817,0.002853,0.650945,0.296963,0.062786
murr-dataset/amazon-office/edl/dirichlet_edl_no_dis_seed_2024_filter.log,amazon-office,edl,no_dis,2024,53258,saved/sasrec_dirichlet_no_dis_bm_Apr-30-2026_14-29-07.pth,0.0616,0.1431,0.0392,0.1431,0.0072,56.3261,0.748,0.9257,0.0029,0.0085,0.165794,43.015678,0.280347,5.606932,0.824565,0.030495,0.002932,0.645681,0.299213,0.064421
murr-dataset/amazon-beauty/de/de_no_dis.log,amazon-beauty,de,no_dis,,198502,saved/ensemble/amazon/beauty/posthoc/SASRec_DE_posthoc_member1.pth saved/ensemble/amazon/beauty/posthoc/SASRec_DE_posthoc_member2.pth saved/ensemble/amazon/beauty/posthoc/SASRec_DE_posthoc_member3.pth saved/ensemble/amazon/beauty/posthoc/SASRec_DE_posthoc_member4.pth saved/ensemble/amazon/beauty/posthoc/SASRec_DE_posthoc_member5.pth,0.0495,0.1138,0.0312,0.1138,0.0057,69.8026,0.7242,0.9744,0.0007,0.0148,0.124601,49.853396,0.315557,6.311139,0.793625,0.005695,0.000655,0.55334,0.208581,0.059977
murr-dataset/amazon-beauty/de/de_no_dis_a1.log,amazon-beauty,de,a1,,198502,saved/ensemble/amazon/office/posthoc/SASRec_DE_posthoc_member1.pth saved/ensemble/amazon/office/posthoc/SASRec_DE_posthoc_member2.pth saved/ensemble/amazon/office/posthoc/SASRec_DE_posthoc_member3.pth saved/ensemble/amazon/office/posthoc/SASRec_DE_posthoc_member4.pth saved/ensemble/amazon/office/posthoc/SASRec_DE_posthoc_member5.pth,0.0496,0.1144,0.0312,0.1144,0.0057,71.4306,0.7321,0.9726,0.0007,0.0142,0.141489,49.78584,0.310408,6.208156,0.798015,0.005738,0.000645,0.542374,0.20848,0.061857
murr-dataset/amazon-beauty/mcd/mcd_no_dis_a1_seed_2020_filter.log,amazon-beauty,mcd,a1,2020,198502,saved/sasrec_mcd_Apr-30-2026_02-52-48.pth,0.0449,0.0986,0.0297,0.0986,0.0049,53.7368,0.6602,0.9788,0.0007,0.0215,0.0,15.577905,0.783491,15.669812,0.050918,0.001802,0.001627,0.140658,0.00141,0.001062
murr-dataset/amazon-beauty/de/de_no_dis_alpha0.log,amazon-beauty,de,alpha0,,198502,saved/ensemble/amazon/office/posthoc/SASRec_DE_posthoc_member1.pth saved/ensemble/amazon/office/posthoc/SASRec_DE_posthoc_member2.pth saved/ensemble/amazon/office/posthoc/SASRec_DE_posthoc_member3.pth saved/ensemble/amazon/office/posthoc/SASRec_DE_posthoc_member4.pth saved/ensemble/amazon/office/posthoc/SASRec_DE_posthoc_member5.pth,0.0504,0.1159,0.0319,0.1159,0.0058,69.6629,0.7193,0.9778,0.0007,0.0142,0.141489,49.78584,0.310408,6.208156,0.798015,0.005738,0.000645,0.542374,0.20848,0.061857
murr-dataset/amazon-beauty/mcd/mcd_no_dis_a1_seed_2021_filter.log,amazon-beauty,mcd,a1,2021,198502,saved/sasrec_mcd_Apr-30-2026_11-01-21.pth,0.0469,0.1042,0.0306,0.1042,0.0052,55.5511,0.6728,0.9777,0.0007,0.0187,0.0,15.577905,0.783491,15.669812,0.050918,0.001802,0.001627,0.140658,0.00141,0.001062
murr-dataset/amazon-beauty/mcd/mcd_no_dis_a1_seed_2022_filter.log,amazon-beauty,mcd,a1,2022,198502,saved/sasrec_mcd_Apr-30-2026_11-01-36.pth,0.0479,0.1107,0.0301,0.1107,0.0055,63.1493,0.7195,0.9704,0.0007,0.0135,0.0,15.577905,0.783491,15.669812,0.050918,0.001802,0.001627,0.140658,0.00141,0.001062
murr-dataset/amazon-beauty/mcd/mcd_no_dis_a1_seed_2023_filter.log,amazon-beauty,mcd,a1,2023,198502,saved/sasrec_mcd_Apr-30-2026_12-07-59.pth,0.0488,0.1138,0.0304,0.1138,0.0057,65.4819,0.7351,0.9596,0.0007,0.0115,0.0,15.577905,0.783491,15.669812,0.050918,0.001802,0.001627,0.140658,0.00141,0.001062
murr-dataset/amazon-beauty/mcd/mcd_no_dis_a1_seed_2024_filter.log,amazon-beauty,mcd,a1,2024,198502,saved/sasrec_mcd_Apr-30-2026_12-08-51.pth,0.047,0.1054,0.0305,0.1054,0.0053,58.5404,0.6919,0.9745,0.0007,0.0176,0.0,15.577905,0.783491,15.669812,0.050918,0.001802,0.001627,0.140658,0.00141,0.001062
murr-dataset/amazon-beauty/mcd/mcd_no_dis_alpha0_seed_2020_filter.log,amazon-beauty,mcd,alpha0,2020,198502,saved/sasrec_mcd_Apr-30-2026_02-53-37.pth,0.046,0.1008,0.0305,0.1008,0.005,53.4479,0.6498,0.9822,0.0007,0.0207,0.0,15.577905,0.783491,15.669812,0.050918,0.001802,0.001627,0.140658,0.00141,0.001062
murr-dataset/amazon-beauty/mcd/mcd_no_dis_alpha0_seed_2021_filter.log,amazon-beauty,mcd,alpha0,2021,198502,saved/sasrec_mcd_Apr-30-2026_11-01-06.pth,0.0477,0.1062,0.0311,0.1062,0.0053,54.9704,0.6599,0.9813,0.0007,0.0183,0.0,15.577905,0.783491,15.669812,0.050918,0.001802,0.001627,0.140658,0.00141,0.001062
murr-dataset/amazon-beauty/mcd/mcd_no_dis_alpha0_seed_2022_filter.log,amazon-beauty,mcd,alpha0,2022,198502,saved/sasrec_mcd_Apr-30-2026_10-59-52.pth,0.0488,0.1128,0.0306,0.1128,0.0056,62.9705,0.7108,0.9737,0.0007,0.0135,0.0,15.577905,0.783491,15.669812,0.050918,0.001802,0.001627,0.140658,0.00141,0.001062
murr-dataset/amazon-beauty/mcd/mcd_no_dis_alpha0_seed_2023_filter.log,amazon-beauty,mcd,alpha0,2023,198502,saved/sasrec_mcd_Apr-30-2026_12-08-13.pth,0.0489,0.1136,0.0306,0.1136,0.0057,63.2805,0.7118,0.9708,0.0007,0.0128,0.0,15.577905,0.783491,15.669812,0.050918,0.001802,0.001627,0.140658,0.00141,0.001062
murr-dataset/amazon-beauty/mcd/mcd_no_dis_alpha0_seed_2024_filter.log,amazon-beauty,mcd,alpha0,2024,198502,saved/sasrec_mcd_Apr-30-2026_12-08-42.pth,0.0476,0.1068,0.0308,0.1068,0.0053,57.5425,0.6762,0.9788,0.0007,0.0171,0.0,15.577905,0.783491,15.669812,0.050918,0.001802,0.001627,0.140658,0.00141,0.001062
murr-dataset/amazon-beauty/mcd/mcd_no_dis_seed_2020_filter.log,amazon-beauty,mcd,no_dis,2020,198502,saved/sasrec_mcd_Mar-26-2026_16-43-12.pth,0.0447,0.099,0.0294,0.099,0.0049,53.0628,0.6564,0.9795,0.0007,0.022,0.0,15.577905,0.783491,15.669812,0.050918,0.001802,0.001627,0.140658,0.00141,0.001062
murr-dataset/amazon-beauty/mcd/mcd_no_dis_seed_2021_filter.log,amazon-beauty,mcd,no_dis,2021,198502,saved/sasrec_mcd_Apr-30-2026_02-56-48.pth,0.047,0.104,0.0308,0.104,0.0052,55.0309,0.6701,0.9775,0.0007,0.0191,0.0,15.577905,0.783491,15.669812,0.050918,0.001802,0.001627,0.140658,0.00141,0.001062
murr-dataset/amazon-beauty/mcd/mcd_no_dis_seed_2022_filter.log,amazon-beauty,mcd,no_dis,2022,198502,saved/sasrec_mcd_Apr-30-2026_11-01-48.pth,0.048,0.1113,0.03,0.1113,0.0056,62.8881,0.7185,0.9703,0.0007,0.0136,0.0,15.577905,0.783491,15.669812,0.050918,0.001802,0.001627,0.140658,0.00141,0.001062
murr-dataset/amazon-beauty/mcd/mcd_no_dis_seed_2023_filter.log,amazon-beauty,mcd,no_dis,2023,198502,saved/sasrec_mcd_Apr-30-2026_12-07-28.pth,0.049,0.1144,0.0305,0.1144,0.0057,66.562,0.7495,0.9531,0.0007,0.0104,0.0,15.577905,0.783491,15.669812,0.050918,0.001802,0.001627,0.140658,0.00141,0.001062
murr-dataset/amazon-beauty/bm/dirichlet_bm_no_dis_a1_seed_2020_filter.log,amazon-beauty,bm,a1,2020,198502,saved/sasrec_dirichlet_no_dis_bm_Apr-26-2026_16-12-15.pth,0.0488,0.1022,0.0337,0.1022,0.0051,61.8621,0.6914,0.9833,0.0007,0.0138,0.095641,46.111566,0.296725,5.93449,0.809472,0.005852,0.000616,0.58193,0.181186,0.047884
murr-dataset/amazon-beauty/mcd/mcd_no_dis_seed_2024_filter.log,amazon-beauty,mcd,no_dis,2024,198502,saved/sasrec_mcd_Apr-30-2026_12-08-59.pth,0.0464,0.104,0.0301,0.104,0.0052,57.2795,0.6838,0.9741,0.0007,0.0182,0.0,15.577905,0.783491,15.669812,0.050918,0.001802,0.001627,0.140658,0.00141,0.001062
murr-dataset/amazon-beauty/bm/dirichlet_bm_no_dis_a1_seed_2021_filter.log,amazon-beauty,bm,a1,2021,198502,saved/sasrec_dirichlet_no_dis_bm_Apr-30-2026_06-11-20.pth,0.0508,0.1048,0.0356,0.1048,0.0052,62.2399,0.6879,0.9821,0.0007,0.0137,0.094659,46.44788,0.299209,5.98417,0.807416,0.005831,0.000621,0.569108,0.182999,0.050253
murr-dataset/amazon-beauty/bm/dirichlet_bm_no_dis_a1_seed_2022_filter.log,amazon-beauty,bm,a1,2022,198502,saved/sasrec_dirichlet_no_dis_bm_Apr-30-2026_06-09-57.pth,0.0508,0.1017,0.0363,0.1017,0.0051,58.2904,0.6581,0.9869,0.0007,0.016,0.099927,43.376434,0.325891,6.51782,0.784682,0.005609,0.000677,0.546831,0.176554,0.051724
murr-dataset/amazon-beauty/bm/dirichlet_bm_no_dis_a1_seed_2023_filter.log,amazon-beauty,bm,a1,2023,198502,saved/sasrec_dirichlet_no_dis_bm_Apr-30-2026_06-07-21.pth,0.0507,0.1047,0.0355,0.1047,0.0052,60.0538,0.6651,0.9858,0.0007,0.0161,0.106308,44.740142,0.32027,6.405402,0.78957,0.005656,0.000665,0.555815,0.180884,0.051642
murr-dataset/amazon-beauty/bm/dirichlet_bm_no_dis_a1_seed_2024_filter.log,amazon-beauty,bm,a1,2024,198502,saved/sasrec_dirichlet_no_dis_bm_Apr-30-2026_06-06-05.pth,0.0497,0.1038,0.0344,0.1038,0.0052,61.2362,0.6815,0.9844,0.0007,0.0145,0.097715,45.60423,0.303528,6.070563,0.803815,0.005796,0.00063,0.566726,0.182899,0.05058
murr-dataset/amazon-beauty/bm/dirichlet_bm_no_dis_alpha0_seed_2020_filter.log,amazon-beauty,bm,alpha0,2020,198502,saved/sasrec_dirichlet_no_dis_bm_Apr-26-2026_16-12-29.pth,0.0499,0.102,0.0352,0.102,0.0051,58.2423,0.6665,0.9865,0.0007,0.015,0.097188,43.343827,0.319177,6.383535,0.790515,0.005665,0.000663,0.55977,0.177762,0.050172
murr-dataset/amazon-beauty/bm/dirichlet_bm_no_dis_alpha0_seed_2021_filter.log,amazon-beauty,bm,alpha0,2021,198502,saved/sasrec_dirichlet_no_dis_bm_Apr-30-2026_06-11-35.pth,0.0512,0.1055,0.0358,0.1055,0.0053,61.4962,0.683,0.983,0.0007,0.0141,0.102089,45.776061,0.303012,6.060233,0.804247,0.0058,0.000629,0.566071,0.184611,0.051152
murr-dataset/amazon-beauty/bm/dirichlet_bm_no_dis_alpha0_seed_2022_filter.log,amazon-beauty,bm,alpha0,2022,198502,saved/sasrec_dirichlet_no_dis_bm_Apr-30-2026_06-09-41.pth,0.051,0.102,0.0365,0.102,0.0051,57.4439,0.6534,0.9868,0.0007,0.0163,0.107638,42.659209,0.330486,6.609712,0.780645,0.005571,0.000686,0.543511,0.175446,0.051888
murr-dataset/amazon-beauty/bm/dirichlet_bm_no_dis_alpha0_seed_2023_filter.log,amazon-beauty,bm,alpha0,2023,198502,saved/sasrec_dirichlet_no_dis_bm_Apr-30-2026_06-07-55.pth,0.0509,0.1048,0.0357,0.1048,0.0052,59.3418,0.6619,0.986,0.0007,0.0163,0.116841,44.09617,0.324418,6.488351,0.785968,0.005622,0.000674,0.55126,0.180784,0.052296
murr-dataset/amazon-beauty/bm/dirichlet_bm_no_dis_alpha0_seed_2024_filter.log,amazon-beauty,bm,alpha0,2024,198502,saved/sasrec_dirichlet_no_dis_bm_Apr-30-2026_06-05-47.pth,0.0501,0.1046,0.0347,0.1046,0.0052,60.396,0.6765,0.9845,0.0007,0.0148,0.106467,44.908588,0.307559,6.151187,0.800428,0.005762,0.000639,0.564615,0.184409,0.051316
murr-dataset/amazon-beauty/bm/dirichlet_bm_no_dis_seed_2020_filter.log,amazon-beauty,bm,no_dis,2020,198502,saved/SASRec_dirichlet_amazon-beauty_seed_2020_bm_no_dis_posthoc_filter.pth,0.0497,0.1009,0.0353,0.1009,0.005,57.7486,0.6643,0.9868,0.0007,0.0152,0.092542,42.890397,0.324073,6.481465,0.786269,0.005625,0.000673,0.562823,0.175849,0.049191
murr-dataset/amazon-beauty/bm/dirichlet_bm_no_dis_seed_2021_filter.log,amazon-beauty,bm,no_dis,2021,198502,saved/sasrec_dirichlet_no_dis_bm_Apr-30-2026_06-11-01.pth,0.051,0.1052,0.0357,0.1052,0.0053,61.8485,0.6857,0.9829,0.0007,0.0139,0.097052,46.084859,0.301265,6.02531,0.805705,0.005814,0.000626,0.564567,0.183503,0.05107
murr-dataset/amazon-beauty/bm/dirichlet_bm_no_dis_seed_2022_filter.log,amazon-beauty,bm,no_dis,2022,198502,saved/sasrec_dirichlet_no_dis_bm_Apr-30-2026_06-10-14.pth,0.0509,0.1021,0.0364,0.1021,0.0051,57.8286,0.6552,0.9867,0.0007,0.0162,0.104029,42.985465,0.328505,6.570093,0.78239,0.005588,0.000682,0.545123,0.176251,0.051888
murr-dataset/amazon-beauty/bm/dirichlet_bm_no_dis_seed_2023_filter.log,amazon-beauty,bm,no_dis,2023,198502,saved/sasrec_dirichlet_no_dis_bm_Apr-30-2026_06-07-05.pth,0.0508,0.1048,0.0355,0.1048,0.0052,59.6532,0.6629,0.9855,0.0007,0.0162,0.110252,44.407577,0.322667,6.453338,0.787492,0.005636,0.00067,0.554337,0.180683,0.051806
murr-dataset/amazon-beauty/bm/dirichlet_bm_no_dis_seed_2024_filter.log,amazon-beauty,bm,no_dis,2024,198502,saved/sasrec_dirichlet_no_dis_bm_Apr-30-2026_06-06-14.pth,0.0498,0.1039,0.0344,0.1039,0.0052,60.8189,0.6791,0.9845,0.0007,0.0147,0.101328,45.242497,0.305507,6.110137,0.802156,0.005779,0.000634,0.56477,0.183906,0.051152
murr-dataset/amazon-beauty/edl/dirichlet_edl_no_dis_a1_seed_2020_filter.log,amazon-beauty,edl,a1,2020,198502,saved/sasrec_dirichlet_no_dis_edl_Apr-30-2026_02-41-49.pth,0.0491,0.1008,0.0345,0.1008,0.005,58.1887,0.6704,0.9851,0.0007,0.0148,0.091671,43.142302,0.319465,6.389304,0.790266,0.005663,0.000663,0.563019,0.175949,0.049191
murr-dataset/amazon-beauty/edl/dirichlet_edl_no_dis_a1_seed_2021_filter.log,amazon-beauty,edl,a1,2021,198502,saved/sasrec_dirichlet_no_dis_edl_Apr-30-2026_04-27-42.pth,0.0507,0.1029,0.036,0.1029,0.0051,59.512,0.6748,0.9845,0.0007,0.0143,0.09416,44.273928,0.313051,6.261011,0.79577,0.005716,0.00065,0.557924,0.179978,0.05107
murr-dataset/amazon-beauty/edl/dirichlet_edl_no_dis_a1_seed_2022_filter.log,amazon-beauty,edl,a1,2022,198502,saved/sasrec_dirichlet_no_dis_edl_Apr-30-2026_04-29-03.pth,0.0509,0.1028,0.0362,0.1028,0.0051,58.3224,0.6612,0.9869,0.0007,0.0159,0.104705,43.355889,0.322231,6.444618,0.787871,0.00564,0.000669,0.551466,0.178064,0.051479
murr-dataset/amazon-beauty/edl/dirichlet_edl_no_dis_a1_seed_2023_filter.log,amazon-beauty,edl,a1,2023,198502,saved/sasrec_dirichlet_no_dis_edl_Apr-30-2026_04-34-45.pth,0.0504,0.1041,0.0352,0.1041,0.0052,60.566,0.6711,0.985,0.0007,0.0158,0.109566,45.057823,0.314513,6.290256,0.794522,0.005704,0.000653,0.551804,0.180784,0.052214
murr-dataset/amazon-beauty/edl/dirichlet_edl_no_dis_a1_seed_2024_filter.log,amazon-beauty,edl,a1,2024,198502,saved/sasrec_dirichlet_no_dis_edl_Apr-30-2026_04-36-28.pth,0.0495,0.105,0.0339,0.105,0.0052,61.6599,0.6875,0.9833,0.0007,0.0141,0.101684,45.824033,0.297968,5.959353,0.808444,0.005842,0.000619,0.573529,0.185719,0.050335
murr-dataset/amazon-beauty/edl/dirichlet_edl_no_dis_alpha0_seed_2020_filter.log,amazon-beauty,edl,alpha0,2020,198502,saved/sasrec_dirichlet_no_dis_edl_Apr-30-2026_02-41-38.pth,0.0497,0.1021,0.0349,0.1021,0.0051,57.9018,0.6663,0.9861,0.0007,0.0151,0.098248,42.905849,0.320744,6.414882,0.78916,0.005652,0.000666,0.562184,0.177561,0.049763
murr-dataset/amazon-beauty/edl/dirichlet_edl_no_dis_alpha0_seed_2021_filter.log,amazon-beauty,edl,alpha0,2021,198502,saved/sasrec_dirichlet_no_dis_edl_Apr-30-2026_04-27-56.pth,0.0512,0.104,0.0363,0.104,0.0052,58.8334,0.6697,0.9855,0.0007,0.0146,0.100936,43.692324,0.316362,6.327237,0.792938,0.005689,0.000657,0.553438,0.180784,0.051969
murr-dataset/amazon-beauty/edl/dirichlet_edl_no_dis_alpha0_seed_2022_filter.log,amazon-beauty,edl,alpha0,2022,198502,saved/sasrec_dirichlet_no_dis_edl_Apr-30-2026_04-28-51.pth,0.0511,0.1035,0.0363,0.1035,0.0052,57.529,0.6565,0.9872,0.0007,0.0162,0.113937,42.716261,0.32698,6.539597,0.783728,0.0056,0.000679,0.545669,0.177359,0.052133
murr-dataset/amazon-beauty/edl/dirichlet_edl_no_dis_alpha0_seed_2023_filter.log,amazon-beauty,edl,alpha0,2023,198502,saved/sasrec_dirichlet_no_dis_edl_Apr-30-2026_04-34-17.pth,0.0504,0.1064,0.0346,0.1064,0.0053,63.5678,0.6914,0.9822,0.0007,0.0149,0.120832,47.305701,0.294451,5.889013,0.811347,0.005871,0.000611,0.570487,0.187632,0.051316
murr-dataset/amazon-beauty/edl/dirichlet_edl_no_dis_alpha0_seed_2024_filter.log,amazon-beauty,edl,alpha0,2024,198502,saved/sasrec_dirichlet_no_dis_edl_Apr-30-2026_04-36-45.pth,0.05,0.1045,0.0347,0.1045,0.0052,59.3713,0.6728,0.9864,0.0007,0.0149,0.110158,44.038816,0.310846,6.216921,0.797646,0.005735,0.000646,0.562971,0.184107,0.051479
murr-dataset/amazon-beauty/edl/dirichlet_edl_no_dis_seed_2020_filter.log,amazon-beauty,edl,no_dis,2020,198502,saved/SASRec_dirichlet_amazon-beauty_seed_2020_edl_no_dis_posthoc_filter.pth,0.0493,0.1011,0.0346,0.1011,0.0051,57.9353,0.6679,0.9856,0.0007,0.0151,0.093693,42.961613,0.320872,6.417431,0.78905,0.005651,0.000666,0.565903,0.176856,0.049028
murr-dataset/amazon-beauty/edl/dirichlet_edl_no_dis_seed_2021_filter.log,amazon-beauty,edl,no_dis,2021,198502,saved/sasrec_dirichlet_no_dis_edl_Apr-30-2026_04-27-21.pth,0.0509,0.1033,0.0361,0.1033,0.0052,58.8215,0.6691,0.986,0.0007,0.0146,0.09754,43.677429,0.317806,6.356124,0.791696,0.005677,0.00066,0.556571,0.179273,0.05107
murr-dataset/amazon-beauty/edl/dirichlet_edl_no_dis_seed_2022_filter.log,amazon-beauty,edl,no_dis,2022,198502,saved/sasrec_dirichlet_no_dis_edl_Apr-30-2026_04-29-12.pth,0.051,0.1034,0.0363,0.1034,0.0052,57.881,0.6583,0.987,0.0007,0.0161,0.108355,42.975864,0.325182,6.503644,0.785301,0.005615,0.000675,0.547565,0.177762,0.051969
murr-dataset/amazon-beauty/edl/dirichlet_edl_no_dis_seed_2023_filter.log,amazon-beauty,edl,no_dis,2023,198502,saved/sasrec_dirichlet_no_dis_edl_Apr-30-2026_04-34-59.pth,0.0507,0.1024,0.0361,0.1024,0.0051,57.3584,0.6508,0.986,0.0007,0.0168,0.115681,42.486563,0.335237,6.704736,0.776431,0.005532,0.000696,0.543867,0.176453,0.052133
murr-dataset/amazon-beauty/edl/dirichlet_edl_no_dis_seed_2024_filter.log,amazon-beauty,edl,no_dis,2024,198502,saved/sasrec_dirichlet_no_dis_edl_Apr-30-2026_04-36-10.pth,0.0499,0.1034,0.0348,0.1034,0.0052,60.1027,0.675,0.9854,0.0007,0.0147,0.104831,44.660801,0.309536,6.190717,0.798757,0.005746,0.000643,0.566713,0.182596,0.050498
murr-dataset/movielens/de/de_a1_all_filter.log,movielens,de,a1,,999611,saved/ensemble/amazon/movielens/filter/a1/posthoc/SASRec_DE_posthoc_member1.pth saved/ensemble/amazon/movielens/filter/a1/posthoc/SASRec_DE_posthoc_member2.pth saved/ensemble/amazon/movielens/filter/a1/posthoc/SASRec_DE_posthoc_member3.pth saved/ensemble/amazon/movielens/filter/a1/posthoc/SASRec_DE_posthoc_member4.pth saved/ensemble/amazon/movielens/filter/a1/posthoc/SASRec_DE_posthoc_member5.pth,0.1702,0.3667,0.1148,0.3667,0.0183,921.8607,0.7296,0.7589,0.0027,0.0007,0.0,338.759917,0.735041,14.700828,0.199127,0.008101,0.00541,0.054104,0.006962,0.007758
murr-dataset/movielens/de/de_alpha0_all_filter.log,movielens,de,alpha0,,999611,saved/ensemble/amazon/movielens/filter/alpha0/posthoc/SASRec_DE_posthoc_member1.pth saved/ensemble/amazon/movielens/filter/alpha0/posthoc/SASRec_DE_posthoc_member2.pth saved/ensemble/amazon/movielens/filter/alpha0/posthoc/SASRec_DE_posthoc_member3.pth saved/ensemble/amazon/movielens/filter/alpha0/posthoc/SASRec_DE_posthoc_member4.pth saved/ensemble/amazon/movielens/filter/alpha0/posthoc/SASRec_DE_posthoc_member5.pth,0.1683,0.3634,0.1134,0.3634,0.0182,923.6983,0.7273,0.765,0.0027,0.0007,0.0,338.759917,0.735041,14.700828,0.199127,0.008101,0.00541,0.054104,0.006962,0.007758
murr-dataset/movielens/bm/dirichlet_bm_a1_seed_2020_filter.log,movielens,bm,a1,2020,999611,saved/dirichlet_a1_seed_2020_filter_May-02-2026_16-29-59.pth,0.1663,0.3614,0.1114,0.3614,0.0181,906.2186,0.7599,0.6251,0.0033,0.0001,0.207649,822.771151,0.319553,6.39106,0.796847,0.020804,0.002352,0.288794,0.492063,0.271539
murr-dataset/movielens/bm/dirichlet_bm_a1_seed_2022_filter.log,movielens,bm,a1,2022,999611,saved/sasrec_dirichlet_no_dis_bm_May-04-2026_10-06-57.pth,0.1671,0.3651,0.1113,0.3651,0.0183,911.8563,0.7632,0.6277,0.0033,0.0,0.178293,827.821631,0.31952,6.390397,0.796874,0.020805,0.002352,0.292217,0.500975,0.274398
murr-dataset/movielens/bm/dirichlet_bm_a1_seed_2024_filter.log,movielens,bm,a1,2024,999611,saved/dirichlet_a1_seed_2024_filter_May-02-2026_16-29-59.pth,0.1683,0.3661,0.1126,0.3661,0.0183,916.7116,0.766,0.6219,0.0033,0.0001,0.17385,834.25024,0.311631,6.232616,0.803444,0.021046,0.002294,0.302693,0.500418,0.267864
murr-dataset/movielens/bm/dirichlet_bm_alpha0_seed_2021_filter.log,movielens,bm,alpha0,2021,999611,saved/sasrec_dirichlet_no_dis_bm_May-04-2026_10-05-38.pth,0.1668,0.3626,0.1115,0.3626,0.0181,900.3651,0.7571,0.6406,0.0032,0.0001,0.17897,813.378593,0.327243,6.544868,0.790341,0.020569,0.002409,0.281198,0.493456,0.276848
murr-dataset/movielens/bm/dirichlet_bm_alpha0_seed_2023_filter.log,movielens,bm,alpha0,2023,999611,saved/sasrec_dirichlet_no_dis_bm_May-04-2026_10-06-14.pth,0.1662,0.3636,0.1108,0.3636,0.0182,914.2664,0.7594,0.638,0.0032,0.0001,0.197281,827.127368,0.322955,6.459106,0.793981,0.0207,0.002377,0.284398,0.497633,0.277256
murr-dataset/movielens/bm/dirichlet_bm_no_dis_seed_2020_filter.log,movielens,bm,no_dis,2020,999611,saved/dirichlet_no_dis_seed_2020_filter_May-04-2026_09-58-01.pth,0.1666,0.3611,0.1118,0.3611,0.0181,904.6146,0.7581,0.6345,0.0032,0.0001,0.201329,818.231788,0.323858,6.477152,0.793218,0.020672,0.002384,0.280678,0.492899,0.276848
murr-dataset/movielens/bm/dirichlet_bm_no_dis_seed_2022_filter.log,movielens,bm,no_dis,2022,999611,saved/dirichlet_no_dis_seed_2022_filter_May-04-2026_09-58-01.pth,0.1671,0.3639,0.1116,0.3639,0.0182,911.417,0.7623,0.6266,0.0033,0.0,0.178973,827.002815,0.320687,6.413742,0.795894,0.020769,0.00236,0.286597,0.497076,0.275623
murr-dataset/movielens/bm/dirichlet_bm_no_dis_seed_2024_filter.log,movielens,bm,no_dis,2024,999611,saved/dirichlet_no_dis_seed_2024_filter_May-02-2026_16-29-59.pth,0.1683,0.3669,0.1125,0.3669,0.0183,914.9494,0.7641,0.6275,0.0033,0.0001,0.169808,829.412136,0.319023,6.380464,0.797291,0.02082,0.002348,0.286102,0.498747,0.276848
murr-dataset/movielens/edl/dirichlet_edl_a1_seed_2021_filter.log,movielens,edl,a1,2021,999611,saved/dirichlet_a1_seed_2021_filter_May-02-2026_16-29-59.pth,0.1677,0.3641,0.1122,0.3641,0.0182,900.2759,0.7588,0.6339,0.0032,0.0002,0.184348,814.373758,0.324901,6.498013,0.792334,0.02064,0.002391,0.279008,0.494013,0.278481
murr-dataset/movielens/edl/dirichlet_edl_a1_seed_2023_filter.log,movielens,edl,a1,2023,999611,saved/sasrec_dirichlet_no_dis_edl_May-04-2026_13-57-46.pth,0.1647,0.3613,0.1096,0.3613,0.0181,925.7779,0.7673,0.609,0.0033,0.0001,0.196695,838.474313,0.309015,6.180298,0.8056,0.021126,0.002275,0.297864,0.500418,0.270723
murr-dataset/movielens/edl/dirichlet_edl_alpha0_seed_2020_filter.log,movielens,edl,alpha0,2020,999611,saved/sasrec_dirichlet_no_dis_edl_May-04-2026_13-36-05.pth,0.1648,0.3601,0.1099,0.3601,0.018,903.7411,0.757,0.6286,0.0033,0.0001,0.206632,815.371623,0.325555,6.511093,0.791778,0.02062,0.002396,0.284646,0.489836,0.272764
murr-dataset/movielens/edl/dirichlet_edl_alpha0_seed_2022_filter.log,movielens,edl,alpha0,2022,999611,saved/sasrec_dirichlet_no_dis_edl_May-04-2026_13-35-39.pth,0.1652,0.3629,0.1096,0.3629,0.0181,914.9888,0.7625,0.619,0.0033,0.0001,0.176627,828.128667,0.318998,6.379967,0.797312,0.020821,0.002348,0.292756,0.494848,0.270723
murr-dataset/movielens/edl/dirichlet_edl_alpha0_seed_2024_filter.log,movielens,edl,alpha0,2024,999611,saved/dirichlet_alpha0_seed_2024_filter_May-02-2026_16-29-59.pth,0.1654,0.3619,0.1101,0.3619,0.0181,917.0125,0.7636,0.621,0.0033,0.0001,0.176446,828.709818,0.318361,6.367219,0.797846,0.02084,0.002343,0.299391,0.496798,0.267864
murr-dataset/movielens/edl/dirichlet_edl_no_dis_seed_2021_filter.log,movielens,edl,no_dis,2021,999611,saved/dirichlet_no_dis_seed_2021_filter_May-02-2026_16-29-59.pth,0.1671,0.3632,0.1116,0.3632,0.0182,898.7389,0.7569,0.633,0.0032,0.0001,0.179538,812.05957,0.325803,6.51606,0.791567,0.020613,0.002398,0.276876,0.493177,0.279298
murr-dataset/movielens/edl/dirichlet_edl_no_dis_seed_2023_filter.log,movielens,edl,no_dis,2023,999611,saved/dirichlet_no_dis_seed_2023_filter_May-02-2026_16-29-59.pth,0.1658,0.3619,0.1106,0.3619,0.0181,916.6077,0.7609,0.6336,0.0032,0.0001,0.193304,829.154876,0.319338,6.386755,0.797027,0.02081,0.002351,0.28788,0.498468,0.275623
murr-dataset/movielens/mcd/mcd_a1_seed_2020_filter.log,movielens,mcd,a1,2020,999611,saved/sasrec_mcd_May-04-2026_14-00-53.pth,0.1667,0.3606,0.1121,0.3606,0.018,786.1769,0.6654,0.8288,0.0026,0.0015,0.122303,719.298162,0.414354,8.287086,0.708914,0.017905,0.00305,0.193019,0.460596,0.311556
murr-dataset/movielens/mcd/mcd_a1_seed_2021_filter.log,movielens,mcd,a1,2021,999611,saved/mcd_a1_seed_2021_filter_May-02-2026_16-29-59.pth,0.1685,0.3621,0.1138,0.3621,0.0181,787.4469,0.6694,0.8188,0.0026,0.0013,0.113942,721.93572,0.410786,8.215728,0.712556,0.018014,0.003024,0.189715,0.458647,0.312372
murr-dataset/movielens/mcd/mcd_a1_seed_2022_filter.log,movielens,mcd,a1,2022,999611,saved/mcd_a1_seed_2022_filter_May-02-2026_16-29-59.pth,0.1675,0.3632,0.1123,0.3632,0.0182,793.7827,0.6711,0.8244,0.0026,0.0015,0.111052,730.214503,0.406995,8.139901,0.716396,0.01813,0.002996,0.210523,0.46895,0.305839
murr-dataset/movielens/mcd/mcd_a1_seed_2023_filter.log,movielens,mcd,a1,2023,999611,saved/mcd_a1_seed_2023_filter_May-02-2026_16-29-59.pth,0.1668,0.3598,0.1125,0.3598,0.018,796.0232,0.6681,0.8303,0.0026,0.0018,0.122329,729.887616,0.408651,8.173013,0.714723,0.01808,0.003008,0.206178,0.46533,0.306247
murr-dataset/movielens/mcd/mcd_a1_seed_2024_filter.log,movielens,mcd,a1,2024,999611,saved/mcd_a1_seed_2024_filter_May-02-2026_16-29-59.pth,0.1685,0.3627,0.1137,0.3627,0.0181,792.2919,0.672,0.8238,0.0026,0.0015,0.113124,727.159421,0.409404,8.188079,0.71396,0.018057,0.003013,0.202769,0.464495,0.307881
murr-dataset/movielens/mcd/mcd_alpha0_seed_2020_filter.log,movielens,mcd,alpha0,2020,999611,saved/mcd_alpha0_seed_2020_filter_May-02-2026_16-29-59.pth,0.1636,0.3571,0.1091,0.3571,0.0179,781.367,0.66,0.8361,0.0026,0.0016,0.117982,713.183651,0.419603,8.392053,0.703503,0.017745,0.003089,0.196795,0.457533,0.307064
murr-dataset/movielens/mcd/mcd_alpha0_seed_2021_filter.log,movielens,mcd,alpha0,2021,999611,saved/mcd_alpha0_seed_2021_filter_May-02-2026_16-29-59.pth,0.1662,0.3579,0.1121,0.3579,0.0179,789.3471,0.6669,0.825,0.0026,0.0015,0.110757,722.096084,0.413063,8.261258,0.710236,0.017945,0.00304,0.194001,0.456697,0.308289
murr-dataset/movielens/mcd/mcd_alpha0_seed_2022_filter.log,movielens,mcd,alpha0,2022,999611,saved/mcd_alpha0_seed_2022_filter_May-02-2026_16-29-59.pth,0.166,0.3624,0.1107,0.3624,0.0181,799.0573,0.6694,0.8303,0.0026,0.0017,0.106669,733.755464,0.407351,8.14702,0.716037,0.018119,0.002998,0.199197,0.46533,0.310739
murr-dataset/movielens/mcd/mcd_alpha0_seed_2023_filter.log,movielens,mcd,alpha0,2023,999611,saved/mcd_alpha0_seed_2023_filter_May-02-2026_16-29-59.pth,0.1667,0.3576,0.113,0.3576,0.0179,792.4426,0.6639,0.8349,0.0026,0.0018,0.119439,725.922219,0.414752,8.295033,0.708506,0.017893,0.003053,0.200752,0.462545,0.307881
murr-dataset/movielens/mcd/mcd_alpha0_seed_2024_filter.log,movielens,mcd,alpha0,2024,999611,saved/mcd_alpha0_seed_2024_filter_May-02-2026_16-29-59.pth,0.1665,0.3593,0.1122,0.3593,0.018,788.2803,0.6665,0.8297,0.0026,0.0016,0.10813,720.689793,0.415455,8.309106,0.707784,0.017872,0.003058,0.197852,0.459761,0.307881
murr-dataset/movielens/mcd/mcd_no_dis_seed_2020_filter.log,movielens,mcd,no_dis,2020,999611,saved/mcd_no_dis_seed_2020_filter_May-02-2026_16-29-59.pth,0.1654,0.3593,0.1108,0.3593,0.018,785.3702,0.6643,0.8329,0.0026,0.0016,0.120891,718.284694,0.414586,8.291722,0.708676,0.017898,0.003052,0.198143,0.460039,0.307881
murr-dataset/movielens/mcd/mcd_no_dis_seed_2021_filter.log,movielens,mcd,no_dis,2021,999611,saved/mcd_no_dis_seed_2021_filter_May-02-2026_16-29-59.pth,0.1666,0.3591,0.1122,0.3591,0.018,787.7403,0.6651,0.8285,0.0026,0.0015,0.114286,720.985745,0.414478,8.28957,0.708787,0.017901,0.003051,0.194915,0.460596,0.310331
murr-dataset/movielens/mcd/mcd_no_dis_seed_2022_filter.log,movielens,mcd,no_dis,2022,999611,saved/mcd_no_dis_seed_2022_filter_May-02-2026_16-29-59.pth,0.166,0.3626,0.1106,0.3626,0.0181,792.5689,0.6686,0.8253,0.0026,0.0016,0.10691,727.616772,0.410728,8.21457,0.712615,0.018016,0.003023,0.203037,0.467836,0.309922
murr-dataset/movielens/mcd/mcd_no_dis_seed_2023_filter.log,movielens,mcd,no_dis,2023,999611,saved/sasrec_mcd_May-04-2026_13-59-54.pth,0.1665,0.3598,0.1121,0.3598,0.018,795.6548,0.6662,0.8344,0.0026,0.0018,0.121186,728.859801,0.410935,8.218709,0.712405,0.01801,0.003025,0.201618,0.463381,0.307881
murr-dataset/movielens/mcd/mcd_no_dis_seed_2024_filter.log,movielens,mcd,no_dis,2024,999611,saved/mcd_no_dis_seed_2024_filter_May-02-2026_16-29-59.pth,0.168,0.3619,0.1133,0.3619,0.0181,792.7398,0.6711,0.8247,0.0026,0.0015,0.110088,726.476126,0.409776,8.19553,0.713582,0.018045,0.003016,0.204392,0.464216,0.306656
murr-dataset/movielens/bm/dirichlet_bm_a1_seed_2021_filter.log,movielens,bm,a1,2021,999611,saved/dirichlet_a1_seed_2021_filter_May-02-2026_16-29-59.pth,0.1685,0.3659,0.1129,0.3659,0.0183,898.2589,0.7583,0.6368,0.0032,0.0001,0.184348,814.373758,0.324901,6.498013,0.792334,0.02064,0.002391,0.279008,0.494013,0.278481
murr-dataset/movielens/bm/dirichlet_bm_a1_seed_2023_filter.log,movielens,bm,a1,2023,999611,saved/dirichlet_a1_seed_2023_filter_May-02-2026_16-29-59.pth,0.1663,0.3634,0.1109,0.3634,0.0182,915.5089,0.7616,0.6333,0.0032,0.0001,0.197064,830.089685,0.318833,6.376656,0.797451,0.020826,0.002347,0.28687,0.499582,0.276848
murr-dataset/movielens/bm/dirichlet_bm_alpha0_seed_2020_filter.log,movielens,bm,alpha0,2020,999611,saved/dirichlet_alpha0_seed_2020_filter_May-02-2026_16-29-59.pth,0.1661,0.3604,0.1115,0.3604,0.018,908.5585,0.7603,0.6277,0.0033,0.0001,0.198401,821.334967,0.322682,6.453642,0.794212,0.020708,0.002375,0.281618,0.493177,0.276439
murr-dataset/movielens/bm/dirichlet_bm_alpha0_seed_2022_filter.log,movielens,bm,alpha0,2022,999611,saved/dirichlet_alpha0_seed_2022_filter_May-02-2026_16-29-59.pth,0.1667,0.3649,0.1109,0.3649,0.0182,914.6722,0.7622,0.6272,0.0033,0.0001,0.180565,829.025199,0.320389,6.407781,0.796144,0.020778,0.002358,0.28856,0.498468,0.275214
murr-dataset/movielens/bm/dirichlet_bm_alpha0_seed_2024_filter.log,movielens,bm,alpha0,2024,999611,saved/dirichlet_alpha0_seed_2024_filter_May-02-2026_16-29-59.pth,0.1681,0.3667,0.1123,0.3667,0.0183,915.8427,0.763,0.6304,0.0032,0.0001,0.176446,828.709818,0.318361,6.367219,0.797846,0.02084,0.002343,0.299391,0.496798,0.267864
murr-dataset/movielens/bm/dirichlet_bm_no_dis_seed_2021_filter.log,movielens,bm,no_dis,2021,999611,saved/dirichlet_no_dis_seed_2021_filter_May-04-2026_09-58-01.pth,0.1675,0.3636,0.112,0.3636,0.0182,894.8064,0.7562,0.6389,0.0032,0.0001,0.180884,809.560646,0.328386,6.567715,0.789366,0.020534,0.002417,0.276615,0.492899,0.279298
murr-dataset/movielens/bm/dirichlet_bm_no_dis_seed_2023_filter.log,movielens,bm,no_dis,2023,999611,saved/sasrec_dirichlet_no_dis_bm_May-04-2026_10-03-57.pth,0.1661,0.3627,0.1108,0.3627,0.0181,915.6542,0.7603,0.6345,0.0032,0.0001,0.196573,828.944445,0.320348,6.406954,0.796179,0.020779,0.002358,0.282052,0.498747,0.279298
murr-dataset/movielens/edl/dirichlet_edl_a1_seed_2020_filter.log,movielens,edl,a1,2020,999611,saved/dirichlet_a1_seed_2020_filter_May-02-2026_16-29-59.pth,0.1669,0.3613,0.1123,0.3613,0.0181,909.2477,0.7607,0.6236,0.0033,0.0001,0.207649,822.771151,0.319553,6.39106,0.796847,0.020804,0.002352,0.288794,0.492063,0.271539
murr-dataset/movielens/edl/dirichlet_edl_a1_seed_2022_filter.log,movielens,edl,a1,2022,999611,saved/dirichlet_a1_seed_2022_filter_May-02-2026_16-29-59.pth,0.1658,0.3642,0.11,0.3642,0.0182,909.0859,0.7625,0.6222,0.0033,0.0,0.172184,825.147839,0.319636,6.392715,0.796777,0.020801,0.002353,0.294788,0.499304,0.271948
murr-dataset/movielens/edl/dirichlet_edl_a1_seed_2024_filter.log,movielens,edl,a1,2024,999611,saved/dirichlet_a1_seed_2024_filter_May-02-2026_16-29-59.pth,0.1668,0.3636,0.1114,0.3636,0.0182,919.7847,0.7672,0.6175,0.0033,0.0001,0.17385,834.25024,0.311631,6.232616,0.803444,0.021046,0.002294,0.302693,0.500418,0.267864
murr-dataset/movielens/edl/dirichlet_edl_alpha0_seed_2021_filter.log,movielens,edl,alpha0,2021,999611,saved/dirichlet_alpha0_seed_2021_filter_May-02-2026_16-29-59.pth,0.1663,0.3623,0.1109,0.3623,0.0181,903.6861,0.7574,0.6356,0.0032,0.0001,0.174941,815.323667,0.325381,6.507616,0.791926,0.020626,0.002395,0.276769,0.492342,0.278889
murr-dataset/movielens/edl/dirichlet_edl_alpha0_seed_2023_filter.log,movielens,edl,alpha0,2023,999611,saved/dirichlet_alpha0_seed_2023_filter_May-02-2026_16-29-59.pth,0.165,0.3601,0.1102,0.3601,0.018,919.5125,0.7621,0.6266,0.0033,0.0001,0.194155,830.359603,0.318278,6.365563,0.797915,0.020843,0.002343,0.289917,0.494013,0.271948
murr-dataset/movielens/edl/dirichlet_edl_no_dis_seed_2020_filter.log,movielens,edl,no_dis,2020,999611,saved/sasrec_dirichlet_no_dis_edl_May-04-2026_13-28-22.pth,0.1652,0.3596,0.1106,0.3596,0.018,909.5487,0.761,0.6234,0.0033,0.0001,0.209234,821.161424,0.319495,6.389901,0.796895,0.020805,0.002352,0.289396,0.491228,0.270723
murr-dataset/movielens/edl/dirichlet_edl_no_dis_seed_2022_filter.log,movielens,edl,no_dis,2022,999611,saved/dirichlet_no_dis_seed_2022_filter_May-02-2026_16-29-59.pth,0.1654,0.3631,0.1097,0.3631,0.0182,908.9739,0.7618,0.6219,0.0033,0.0,0.171651,824.586101,0.320762,6.415232,0.795831,0.020767,0.002361,0.284932,0.492342,0.273989
murr-dataset/movielens/edl/dirichlet_edl_no_dis_seed_2024_filter.log,movielens,edl,no_dis,2024,999611,saved/sasrec_dirichlet_no_dis_edl_May-04-2026_13-28-52.pth,0.1661,0.3642,0.1104,0.3642,0.0182,916.1587,0.7645,0.6178,0.0033,0.0001,0.173947,829.076705,0.317235,6.344702,0.798788,0.020875,0.002335,0.298152,0.498468,0.269498
murr-dataset/movielens/de/de_no_dis_all_filter.log,movielens,de,no_dis,,999611,saved/ensemble/amazon/movielens/filter/posthoc/SASRec_DE_posthoc_member1.pth saved/ensemble/amazon/movielens/filter/posthoc/SASRec_DE_posthoc_member2.pth saved/ensemble/amazon/movielens/filter/posthoc/SASRec_DE_posthoc_member3.pth saved/ensemble/amazon/movielens/filter/posthoc/SASRec_DE_posthoc_member4.pth saved/ensemble/amazon/movielens/filter/posthoc/SASRec_DE_posthoc_member5.pth,0.1692,0.3649,0.114,0.3649,0.0182,922.7963,0.7288,0.7629,0.0027,0.0007,0.0,338.759917,0.735041,14.700828,0.199127,0.008101,0.00541,0.054104,0.006962,0.007758
