log_file,dataset,model_type,run_mode,seed,n_inters,checkpoint_path,ndcg_at20,hit_at20,mrr_at20,recall_at20,precision_at20,averagepopularity_at20,giniindex_at20,itemcoverage_at20,shannonentropy_at20,tailpercentage_at20,ARP,APLT,ACLT,PopRSP,PopRSP_p_shorthead,PopRSP_p_longtail,PopREO,PopREO_p_shorthead,PopREO_p_longtail
beyond-fairness-dataset/amazon-office/edl/dirichlet_edl_no_dis_seed_2021_default.log,amazon-office,edl,no_dis,2021,1243186,saved/sasrec_dirichlet_no_dis_edl_Apr-21-2026_14-48-13.pth,0.0393,0.0708,0.0303,0.0708,0.0035,68.2609,0.9193,0.365,0.0002,0.0165,67.555622,0.190154,3.803084,0.889131,0.001183,6.9e-05,0.849781,0.095085,0.007722
beyond-fairness-dataset/amazon-office/edl/dirichlet_edl_no_dis_seed_2024_default.log,amazon-office,edl,no_dis,2024,1243186,saved/sasrec_dirichlet_no_dis_edl_Apr-24-2026_05-55-33.pth,0.0386,0.07,0.0295,0.07,0.0035,69.6987,0.9174,0.3712,0.0002,0.0146,68.982365,0.182264,3.645277,0.89446,0.001194,6.7e-05,0.853563,0.094562,0.007471
beyond-fairness-dataset/amazon-office/edl/dirichlet_edl_no_dis_seed_2020.log,amazon-office,edl,no_dis,2020,1243186,saved/SASRec_dirichlet_seed_2020_edl_no_dis_posthoc.pth,0.0389,0.0719,0.0293,0.0719,0.0036,71.7802,0.9214,0.3655,0.0002,0.0146,71.300872,0.17663,3.532594,0.89822,0.001202,6.4e-05,0.845214,0.096542,0.008098
beyond-fairness-dataset/amazon-office/edl/dirichlet_edl_ua_seed_2020.log,amazon-office,edl,ua,2020,1243186,saved/SASRec_dirichlet_seed_2020_edl_no_dis_ua_posthoc.pth,0.0389,0.072,0.0293,0.072,0.0036,71.8168,0.9214,0.3656,0.0002,0.0145,71.334629,0.17658,3.531608,0.898253,0.001203,6.4e-05,0.845214,0.096542,0.008098
beyond-fairness-dataset/amazon-office/edl/dirichlet_edl_no_dis_seed_2023_default.log,amazon-office,edl,no_dis,2023,1243186,saved/sasrec_dirichlet_no_dis_edl_Apr-22-2026_10-04-05.pth,0.0389,0.0741,0.0287,0.0741,0.0037,83.5774,0.9351,0.3506,0.0002,0.012,83.414173,0.145639,2.912777,0.918268,0.001248,5.3e-05,0.8526,0.100207,0.007973
beyond-fairness-dataset/amazon-office/edl/dirichlet_edl_no_dis_seed_2022_default.log,amazon-office,edl,no_dis,2022,1243186,saved/sasrec_dirichlet_no_dis_edl_Apr-22-2026_00-42-00.pth,0.039,0.0753,0.0286,0.0753,0.0038,86.8709,0.9353,0.352,0.0002,0.0133,86.682242,0.163086,3.261719,0.907112,0.001222,6e-05,0.863236,0.101778,0.007471
beyond-fairness-dataset/amazon-office/edl/dirichlet_edl_ua_seed_2021_default.log,amazon-office,edl,ua,2021,1243186,saved/sasrec_dirichlet_ua_edl_Apr-21-2026_14-48-24.pth,0.0393,0.0708,0.0303,0.0708,0.0035,68.2702,0.9193,0.3649,0.0002,0.0164,67.552762,0.190048,3.800962,0.889203,0.001183,6.9e-05,0.849914,0.095176,0.007722
beyond-fairness-dataset/amazon-office/edl/dirichlet_edl_ua_seed_2024_default.log,amazon-office,edl,ua,2024,1243186,saved/sasrec_dirichlet_ua_edl_Apr-24-2026_00-49-45.pth,0.0386,0.07,0.0295,0.07,0.0035,69.7125,0.9173,0.371,0.0002,0.0146,69.008064,0.182392,3.64785,0.894373,0.001194,6.7e-05,0.853203,0.094311,0.007471
beyond-fairness-dataset/amazon-office/edl/dirichlet_edl_ue_seed_2021_default.log,amazon-office,edl,ue,2021,1243186,saved/sasrec_dirichlet_ue_edl_Apr-21-2026_14-48-36.pth,0.0394,0.0709,0.0303,0.0709,0.0035,68.4197,0.9194,0.365,0.0002,0.0165,67.723671,0.189956,3.799125,0.889265,0.001183,6.9e-05,0.849947,0.095199,0.007722
beyond-fairness-dataset/amazon-office/edl/dirichlet_edl_ua_seed_2022_default.log,amazon-office,edl,ua,2022,1243186,saved/sasrec_dirichlet_ua_edl_Apr-22-2026_00-42-18.pth,0.0392,0.0753,0.0288,0.0753,0.0038,84.9207,0.9332,0.3546,0.0002,0.014,84.694708,0.171153,3.423051,0.901841,0.00121,6.2e-05,0.85831,0.102097,0.007785
beyond-fairness-dataset/amazon-office/edl/dirichlet_edl_ua_seed_2023_default.log,amazon-office,edl,ua,2023,1243186,saved/sasrec_dirichlet_ua_edl_Apr-22-2026_10-06-51.pth,0.0392,0.0728,0.0294,0.0728,0.0036,77.2096,0.9266,0.3617,0.0002,0.0131,76.896376,0.165335,3.306709,0.90565,0.001219,6e-05,0.850817,0.098136,0.00791
beyond-fairness-dataset/amazon-office/edl/dirichlet_edl_ue_seed_2020.log,amazon-office,edl,ue,2020,1243186,saved/SASRec_dirichlet_ue_seed_2020_edl_posthoc.pth,0.0388,0.0718,0.0293,0.0718,0.0036,71.8949,0.9214,0.3654,0.0002,0.0145,71.387869,0.17652,3.530405,0.898293,0.001203,6.4e-05,0.845214,0.096542,0.008098
beyond-fairness-dataset/amazon-office/edl/dirichlet_edl_ue_seed_2022_default.log,amazon-office,edl,ue,2022,1243186,saved/sasrec_dirichlet_ue_edl_Apr-22-2026_00-42-28.pth,0.039,0.0752,0.0286,0.0752,0.0038,86.8008,0.9353,0.3519,0.0002,0.0132,86.583797,0.163701,3.274015,0.906713,0.001221,6e-05,0.863293,0.101823,0.007471
beyond-fairness-dataset/amazon-office/edl/dirichlet_edl_ue_seed_2023_default.log,amazon-office,edl,ue,2023,1243186,saved/sasrec_dirichlet_ue_edl_Apr-22-2026_10-06-43.pth,0.0391,0.0727,0.0294,0.0727,0.0036,77.3458,0.9267,0.3615,0.0002,0.013,77.014695,0.164474,3.289485,0.90621,0.00122,6e-05,0.850625,0.097999,0.00791
beyond-fairness-dataset/amazon-office/edl/dirichlet_edl_ue_seed_2024_default.log,amazon-office,edl,ue,2024,1243186,saved/sasrec_dirichlet_ue_edl_Apr-24-2026_00-49-24.pth,0.0385,0.0699,0.0295,0.0699,0.0035,69.7401,0.9174,0.371,0.0002,0.0146,69.042623,0.182332,3.646647,0.894414,0.001194,6.7e-05,0.853563,0.094562,0.007471
beyond-fairness-dataset/amazon-office/de/de_no_dis_default.log,amazon-office,de,no_dis,,1243186,saved/ensembles/amazon/office/default/de_no_dis/SASRec_DE_posthoc_member1.pth saved/ensembles/amazon/office/default/de_no_dis/SASRec_DE_posthoc_member2.pth saved/ensembles/amazon/office/default/de_no_dis/SASRec_DE_posthoc_member3.pth saved/ensembles/amazon/office/default/de_no_dis/SASRec_DE_posthoc_member4.pth saved/ensembles/amazon/office/default/de_no_dis/SASRec_DE_posthoc_member5.pth saved/ensembles/amazon/office/default/de_no_dis/SASRec_DE_posthoc_member6.pth,0.0368,0.0807,0.024,0.0807,0.004,126.3459,0.9673,0.2829,0.0002,0.0057,1.079288,0.250266,5.005313,0.371881,0.000241,0.00011,1.0,0.000102,0.0
beyond-fairness-dataset/amazon-office/de/de_ua_default.log,amazon-office,de,ua,,1243186,saved/ensembles/amazon/office/default/de_ua/SASRec_DE_posthoc_member1.pth saved/ensembles/amazon/office/default/de_ua/SASRec_DE_posthoc_member2.pth saved/ensembles/amazon/office/default/de_ua/SASRec_DE_posthoc_member3.pth saved/ensembles/amazon/office/default/de_ua/SASRec_DE_posthoc_member4.pth saved/ensembles/amazon/office/default/de_ua/SASRec_DE_posthoc_member5.pth saved/ensembles/amazon/office/default/de_ua/SASRec_DE_posthoc_member6.pth,0.0368,0.0807,0.0239,0.0807,0.004,126.3632,0.9673,0.2829,0.0002,0.0057,1.079288,0.250266,5.005313,0.371881,0.000241,0.00011,1.0,0.000102,0.0
beyond-fairness-dataset/amazon-office/de/de_ue_default.log,amazon-office,de,ue,,1243186,saved/ensembles/amazon/office/default/de_ue/SASRec_DE_posthoc_ue_member1.pth saved/ensembles/amazon/office/default/de_ue/SASRec_DE_posthoc_ue_member2.pth saved/ensembles/amazon/office/default/de_ue/SASRec_DE_posthoc_ue_member3.pth saved/ensembles/amazon/office/default/de_ue/SASRec_DE_posthoc_ue_member4.pth saved/ensembles/amazon/office/default/de_ue/SASRec_DE_posthoc_ue_member5.pth saved/ensembles/amazon/office/default/de_ue/SASRec_DE_posthoc_ue_member6.pth,0.037,0.0815,0.0241,0.0815,0.0041,125.8119,0.9661,0.2885,0.0002,0.0057,1.079288,0.250266,5.005313,0.371881,0.000241,0.00011,1.0,0.000102,0.0
beyond-fairness-dataset/amazon-office/bm/dirichlet_bm_no_dis_seed_2020.log,amazon-office,bm,no_dis,2020,1243186,saved/SASRec_dirichlet_seed_2020_bm_no_dis_posthoc.pth,0.0395,0.0783,0.0284,0.0783,0.0039,109.0244,0.9539,0.3188,0.0002,0.0089,109.780414,0.102281,2.045625,0.944622,0.001311,3.7e-05,0.87046,0.106058,0.007345
beyond-fairness-dataset/amazon-office/bm/dirichlet_bm_no_dis_seed_2022_default.log,amazon-office,bm,no_dis,2022,1243186,saved/sasrec_dirichlet_no_dis_bm_Apr-22-2026_00-43-24.pth,0.0398,0.0786,0.0286,0.0786,0.0039,108.4845,0.9488,0.3312,0.0002,0.0097,109.137596,0.114164,2.28327,0.937586,0.001294,4.2e-05,0.862542,0.106331,0.007847
beyond-fairness-dataset/amazon-office/bm/dirichlet_bm_no_dis_seed_2021_default.log,amazon-office,bm,no_dis,2021,1243186,saved/sasrec_dirichlet_no_dis_bm_Apr-21-2026_14-45-23.pth,0.0395,0.0779,0.0286,0.0779,0.0039,113.4086,0.9563,0.3139,0.0002,0.0091,114.229,0.097359,1.947175,0.947497,0.001318,3.6e-05,0.868153,0.105853,0.007471
beyond-fairness-dataset/amazon-office/bm/dirichlet_bm_no_dis_seed_2024_default.log,amazon-office,bm,no_dis,2024,1243186,saved/sasrec_dirichlet_no_dis_bm_Apr-24-2026_00-48-14.pth,0.0392,0.0749,0.0289,0.0749,0.0037,89.6458,0.9331,0.354,0.0002,0.0137,89.828487,0.152949,3.058973,0.913634,0.001237,5.6e-05,0.8552,0.101345,0.00791
beyond-fairness-dataset/amazon-office/bm/dirichlet_bm_no_dis_seed_2023_default.log,amazon-office,bm,no_dis,2023,1243186,saved/sasrec_dirichlet_no_dis_bm_Apr-22-2026_10-04-45.pth,0.0396,0.0771,0.0288,0.0771,0.0039,105.9297,0.953,0.3207,0.0002,0.0088,106.661977,0.102427,2.048548,0.944536,0.001311,3.7e-05,0.86687,0.10476,0.007471
beyond-fairness-dataset/amazon-office/bm/dirichlet_bm_ua_seed_2020.log,amazon-office,bm,ua,2020,1243186,saved/SASRec_dirichlet_seed_2020_bm_no_dis_ua_posthoc.pth,0.0395,0.0783,0.0284,0.0783,0.0039,109.024,0.9539,0.3188,0.0002,0.0089,109.776754,0.102287,2.045742,0.944619,0.001311,3.7e-05,0.87046,0.106058,0.007345
beyond-fairness-dataset/amazon-office/bm/dirichlet_bm_ua_seed_2021_default.log,amazon-office,bm,ua,2021,1243186,saved/sasrec_dirichlet_ua_bm_Apr-21-2026_14-45-35.pth,0.0396,0.0779,0.0286,0.0779,0.0039,113.4163,0.9563,0.3139,0.0002,0.0091,114.235433,0.097299,1.945972,0.947532,0.001318,3.6e-05,0.868206,0.105898,0.007471
beyond-fairness-dataset/amazon-office/bm/dirichlet_bm_ua_seed_2022_default.log,amazon-office,bm,ua,2022,1243186,saved/sasrec_dirichlet_ua_bm_Apr-22-2026_00-42-55.pth,0.0398,0.0786,0.0286,0.0786,0.0039,108.4902,0.9488,0.3312,0.0002,0.0097,109.145312,0.114153,2.28307,0.937592,0.001294,4.2e-05,0.862597,0.106376,0.007847
beyond-fairness-dataset/amazon-office/bm/dirichlet_bm_ua_seed_2023_default.log,amazon-office,bm,ua,2023,1243186,saved/sasrec_dirichlet_ua_bm_Apr-22-2026_10-04-30.pth,0.0396,0.077,0.0288,0.077,0.0039,105.9217,0.953,0.3207,0.0002,0.0088,106.663903,0.102416,2.048314,0.944543,0.001311,3.7e-05,0.86687,0.10476,0.007471
beyond-fairness-dataset/amazon-office/bm/dirichlet_bm_ua_seed_2024_default.log,amazon-office,bm,ua,2024,1243186,saved/sasrec_dirichlet_ua_bm_Apr-24-2026_00-48-46.pth,0.0392,0.0749,0.0289,0.0749,0.0037,89.6517,0.9331,0.354,0.0002,0.0137,89.833951,0.152957,3.05914,0.913629,0.001237,5.6e-05,0.854256,0.101436,0.007973
beyond-fairness-dataset/amazon-office/bm/dirichlet_bm_ue_seed_2020.log,amazon-office,bm,ue,2020,1243186,saved/SASRec_dirichlet_ue_seed_2020_bm_posthoc.pth,0.0395,0.0783,0.0284,0.0783,0.0039,109.0323,0.9539,0.3188,0.0002,0.0089,109.786804,0.102288,2.045758,0.944618,0.001311,3.7e-05,0.87046,0.106058,0.007345
beyond-fairness-dataset/amazon-office/bm/dirichlet_bm_ue_seed_2021_default.log,amazon-office,bm,ue,2021,1243186,saved/sasrec_dirichlet_ue_bm_Apr-21-2026_14-45-47.pth,0.0396,0.0779,0.0286,0.0779,0.0039,113.4117,0.9563,0.3139,0.0002,0.0091,114.233356,0.097396,1.947927,0.947475,0.001318,3.6e-05,0.868153,0.105853,0.007471
beyond-fairness-dataset/amazon-office/mcd/mcd_no_dis_2020_default.log,amazon-office,mcd,no_dis,,1243186,saved/sasrec_mcd_Apr-04-2026_12-34-16.pth,0.0341,0.0741,0.0225,0.0741,0.0037,101.7856,0.9638,0.2669,0.0002,0.0069,1.079288,0.250266,5.005313,0.371881,0.000241,0.00011,1.0,0.000102,0.0
beyond-fairness-dataset/amazon-office/mcd/mcd_no_dis_2021_default.log,amazon-office,mcd,no_dis,,1243186,saved/sasrec_mcd_Apr-04-2026_22-32-08.pth,0.0344,0.0743,0.0228,0.0743,0.0037,102.1774,0.966,0.2569,0.0002,0.0065,1.079288,0.250266,5.005313,0.371881,0.000241,0.00011,1.0,0.000102,0.0
beyond-fairness-dataset/amazon-office/bm/dirichlet_bm_ue_seed_2024_default.log,amazon-office,bm,ue,2024,1243186,saved/sasrec_dirichlet_ue_bm_Apr-24-2026_00-49-05.pth,0.0392,0.0749,0.0289,0.0749,0.0037,89.6567,0.9331,0.354,0.0002,0.0137,89.836187,0.152978,3.059558,0.913616,0.001237,5.6e-05,0.85529,0.101414,0.00791
beyond-fairness-dataset/amazon-office/mcd/mcd_ua_2020_default.log,amazon-office,mcd,ua,,1243186,saved/sasrec_mcd_ua_Apr-04-2026_12-36-02.pth,0.0341,0.0741,0.0225,0.0741,0.0037,101.7856,0.9638,0.2669,0.0002,0.0069,1.079288,0.250266,5.005313,0.371881,0.000241,0.00011,1.0,0.000102,0.0
beyond-fairness-dataset/amazon-office/bm/dirichlet_bm_ue_seed_2022_default.log,amazon-office,bm,ue,2022,1243186,saved/sasrec_dirichlet_ue_bm_Apr-22-2026_00-42-45.pth,0.0398,0.0787,0.0286,0.0787,0.0039,108.501,0.9488,0.3312,0.0002,0.0097,109.153294,0.114179,2.283588,0.937577,0.001294,4.2e-05,0.862597,0.106376,0.007847
beyond-fairness-dataset/amazon-office/bm/dirichlet_bm_ue_seed_2023_default.log,amazon-office,bm,ue,2023,1243186,saved/sasrec_dirichlet_ue_bm_Apr-22-2026_10-04-15.pth,0.0396,0.0772,0.0288,0.0772,0.0039,105.9482,0.953,0.3206,0.0002,0.0088,106.687107,0.102414,2.048281,0.944544,0.001311,3.7e-05,0.866843,0.104737,0.007471
beyond-fairness-dataset/amazon-office/mcd/mcd_ua_2021_default.log,amazon-office,mcd,ua,,1243186,saved/sasrec_mcd_ua_Apr-04-2026_22-31-44.pth,0.0344,0.0743,0.0228,0.0743,0.0037,102.1774,0.966,0.2569,0.0002,0.0065,1.079288,0.250266,5.005313,0.371881,0.000241,0.00011,1.0,0.000102,0.0
beyond-fairness-dataset/amazon-office/mcd/mcd_ue_2020_default.log,amazon-office,mcd,ue,,1243186,saved/sasrec_mcd_ueApr-04-2026_22-27-31.pth,0.034,0.074,0.0224,0.074,0.0037,101.8009,0.9641,0.266,0.0002,0.0068,1.079288,0.250266,5.005313,0.371881,0.000241,0.00011,1.0,0.000102,0.0
beyond-fairness-dataset/amazon-office/mcd/mcd_ue_2021_default.log,amazon-office,mcd,ue,,1243186,saved/sasrec_mcd_ueApr-04-2026_22-31-33.pth,0.0344,0.0742,0.0228,0.0742,0.0037,102.2155,0.9662,0.2564,0.0002,0.0065,1.079288,0.250266,5.005313,0.371881,0.000241,0.00011,1.0,0.000102,0.0
beyond-fairness-dataset/amazon-beauty/edl/dirichlet_edl_no_dis_seed_2023_default.log,amazon-beauty,edl,no_dis,2023,2023070,saved/sasrec_dirichlet_no_dis_edl_Apr-01-2026_21-08-05.pth,0.0383,0.0673,0.0299,0.0673,0.0034,77.3807,0.9045,0.4604,0.0001,0.0228,76.133089,0.187339,3.746781,0.891028,0.000476,2.7e-05,0.832009,0.093352,0.00856
beyond-fairness-dataset/amazon-beauty/edl/dirichlet_edl_no_dis_seed_2022_default.log,amazon-beauty,edl,no_dis,2022,2023070,saved/sasrec_dirichlet_no_dis_edl_Apr-01-2026_01-17-19.pth,0.0379,0.0685,0.0291,0.0685,0.0034,95.3673,0.9094,0.4562,0.0001,0.0109,94.273658,0.144397,2.887949,0.91904,0.000501,2.1e-05,0.837563,0.095254,0.00842
beyond-fairness-dataset/amazon-beauty/edl/dirichlet_edl_no_dis_seed_2020_default.log,amazon-beauty,edl,no_dis,2020,2023070,saved/sasrec_dirichlet_no_dis_edl_Mar-30-2026_14-14-16.pth,0.0374,0.0688,0.0282,0.0688,0.0034,90.298,0.9153,0.4465,0.0001,0.0097,89.19861,0.133278,2.66556,0.925967,0.000508,2e-05,0.839151,0.095743,0.008374
beyond-fairness-dataset/amazon-beauty/edl/dirichlet_edl_no_dis_seed_2024_default.log,amazon-beauty,edl,no_dis,2024,2023070,saved/sasrec_dirichlet_no_dis_edl_Apr-01-2026_21-10-10.pth,0.0384,0.0677,0.0299,0.0677,0.0034,93.0239,0.9048,0.4635,0.0001,0.0118,91.773353,0.153828,3.076567,0.913063,0.000496,2.3e-05,0.841651,0.093861,0.00807
beyond-fairness-dataset/amazon-beauty/edl/dirichlet_edl_no_dis_seed_2021_default.log,amazon-beauty,edl,no_dis,2021,2023070,saved/sasrec_dirichlet_no_dis_edl_Mar-26-2026_20-51-58.pth,0.0383,0.0685,0.0296,0.0685,0.0034,86.2763,0.909,0.4556,0.0001,0.0129,85.185669,0.152278,3.045553,0.914052,0.000496,2.2e-05,0.837165,0.095263,0.008444
beyond-fairness-dataset/amazon-beauty/edl/dirichlet_edl_ua_seed_2020_default.log,amazon-beauty,edl,ua,2020,2023070,saved/sasrec_dirichlet_ua_edl_Mar-30-2026_14-12-05.pth,0.0373,0.0687,0.0282,0.0687,0.0034,90.1247,0.9153,0.4465,0.0001,0.0097,89.035221,0.133306,2.666118,0.92595,0.000508,2e-05,0.838987,0.095638,0.008374
beyond-fairness-dataset/amazon-beauty/edl/dirichlet_edl_ua_seed_2023_default.log,amazon-beauty,edl,ua,2023,2023070,saved/sasrec_dirichlet_ua_edl_Apr-01-2026_21-06-37.pth,0.0383,0.0678,0.0298,0.0678,0.0034,79.68,0.9057,0.4592,0.0001,0.025,78.497751,0.186329,3.726589,0.89171,0.000477,2.7e-05,0.833235,0.094101,0.00856
beyond-fairness-dataset/amazon-beauty/edl/dirichlet_edl_ua_seed_2022_default.log,amazon-beauty,edl,ua,2022,2023070,saved/sasrec_dirichlet_ua_edl_Apr-01-2026_01-17-52.pth,0.0379,0.0684,0.0291,0.0684,0.0034,95.7235,0.9095,0.4566,0.0001,0.0109,94.636957,0.144338,2.886758,0.919077,0.000501,2.1e-05,0.837714,0.09535,0.00842
beyond-fairness-dataset/amazon-beauty/edl/dirichlet_edl_ue_seed_2020_default.log,amazon-beauty,edl,ue,2020,2023070,saved/sasrec_dirichlet_ue_edl_Mar-30-2026_14-11-51.pth,0.0374,0.0689,0.0282,0.0689,0.0034,90.37,0.9149,0.4472,0.0001,0.0098,89.279508,0.133895,2.677907,0.925586,0.000507,2e-05,0.839032,0.095667,0.008374
beyond-fairness-dataset/amazon-beauty/edl/dirichlet_edl_ue_seed_2021_default.log,amazon-beauty,edl,ue,2021,2023070,saved/sasrec_dirichlet_ue_edl_Mar-30-2026_14-11-16.pth,0.0384,0.0685,0.0296,0.0685,0.0034,86.2182,0.909,0.4556,0.0001,0.013,85.095328,0.152429,3.04858,0.913956,0.000496,2.2e-05,0.837024,0.095436,0.008467
beyond-fairness-dataset/amazon-beauty/edl/dirichlet_edl_ua_seed_2021_default.log,amazon-beauty,edl,ua,2021,2023070,saved/sasrec_dirichlet_ua_edl_Mar-26-2026_20-54-06.pth,0.0383,0.0693,0.0294,0.0693,0.0035,86.0499,0.9102,0.4534,0.0001,0.0137,85.012004,0.153945,3.078901,0.912988,0.000496,2.3e-05,0.83519,0.096358,0.008653
beyond-fairness-dataset/amazon-beauty/edl/dirichlet_edl_ue_seed_2022_default.log,amazon-beauty,edl,ue,2022,2023070,saved/sasrec_dirichlet_ue_edl_Apr-01-2026_01-18-54.pth,0.0379,0.0685,0.0291,0.0685,0.0034,96.0109,0.9095,0.4564,0.0001,0.0109,94.931373,0.14428,2.885602,0.919114,0.000501,2.1e-05,0.83721,0.095292,0.008444
beyond-fairness-dataset/amazon-beauty/de/de_no_dis_default.log,amazon-beauty,de,no_dis,,2023070,saved/ensembles/amazon/beauty/default/de_no_dis/SASRec_DE_posthoc_member1.pth saved/ensembles/amazon/beauty/default/de_no_dis/SASRec_DE_posthoc_member2.pth saved/ensembles/amazon/beauty/default/de_no_dis/SASRec_DE_posthoc_member3.pth saved/ensembles/amazon/beauty/default/de_no_dis/SASRec_DE_posthoc_member4.pth saved/ensembles/amazon/beauty/default/de_no_dis/SASRec_DE_posthoc_member5.pth,0.0329,0.0705,0.022,0.0705,0.0035,135.0414,0.9318,0.4172,0.0001,0.0128,1.523751,0.355685,7.113691,0.02314,6.6e-05,6.3e-05,0.51872,9.9e-05,3.1e-05
beyond-fairness-dataset/amazon-beauty/edl/dirichlet_edl_ue_seed_2023_default.log,amazon-beauty,edl,ue,2023,2023070,saved/sasrec_dirichlet_ue_edl_Apr-01-2026_01-20-02.pth,0.0383,0.0672,0.0299,0.0672,0.0034,77.4975,0.9046,0.4602,0.0001,0.0228,76.239937,0.186879,3.737583,0.891339,0.000476,2.7e-05,0.832832,0.093342,0.008514
beyond-fairness-dataset/amazon-beauty/de/de_ua_default.log,amazon-beauty,de,ua,,2023070,saved/ensembles/amazon/beauty/default/de_ue/SASRec_DE_posthoc_member1.pth saved/ensembles/amazon/beauty/default/de_ue/SASRec_DE_posthoc_member2.pth saved/ensembles/amazon/beauty/default/de_ue/SASRec_DE_posthoc_member3.pth saved/ensembles/amazon/beauty/default/de_ue/SASRec_DE_posthoc_member4.pth saved/ensembles/amazon/beauty/default/de_ue/SASRec_DE_posthoc_member5.pth,0.0329,0.0705,0.022,0.0705,0.0035,135.029,0.9318,0.4174,0.0001,0.0128,1.523751,0.355685,7.113691,0.02314,6.6e-05,6.3e-05,0.51872,9.9e-05,3.1e-05
beyond-fairness-dataset/amazon-beauty/de/de_ue_default.log,amazon-beauty,de,ue,,2023070,saved/ensembles/amazon/beauty/default/de_ue/SASRec_DE_posthoc_ue_member1.pth saved/ensembles/amazon/beauty/default/de_ue/SASRec_DE_posthoc_ue_member2.pth saved/ensembles/amazon/beauty/default/de_ue/SASRec_DE_posthoc_ue_member3.pth saved/ensembles/amazon/beauty/default/de_ue/SASRec_DE_posthoc_ue_member4.pth saved/ensembles/amazon/beauty/default/de_ue/SASRec_DE_posthoc_ue_member5.pth,0.033,0.0707,0.0221,0.0707,0.0035,134.8559,0.9313,0.4191,0.0001,0.0127,1.523751,0.355685,7.113691,0.02314,6.6e-05,6.3e-05,0.51872,9.9e-05,3.1e-05
beyond-fairness-dataset/amazon-beauty/bm/dirichlet_bm_no_dis_seed_2020_default.log,amazon-beauty,bm,no_dis,2020,2023070,saved/sasrec_dirichlet_no_dis_bm_Mar-30-2026_14-14-26.pth,0.0378,0.0702,0.0285,0.0702,0.0035,98.4686,0.9151,0.4503,0.0001,0.0105,97.754062,0.138255,2.765094,0.922882,0.000505,2e-05,0.841051,0.097799,0.008444
beyond-fairness-dataset/amazon-beauty/bm/dirichlet_bm_no_dis_seed_2021_default.log,amazon-beauty,bm,no_dis,2021,2023070,saved/sasrec_dirichlet_no_dis_bm_Mar-26-2026_20-52-25.pth,0.0388,0.0692,0.03,0.0692,0.0035,87.7348,0.9065,0.4656,0.0001,0.0123,86.935154,0.159649,3.192986,0.909325,0.000492,2.3e-05,0.83513,0.09632,0.008653
beyond-fairness-dataset/amazon-beauty/bm/dirichlet_bm_no_dis_seed_2024_default.log,amazon-beauty,bm,no_dis,2024,2023070,saved/sasrec_dirichlet_no_dis_bm_Apr-01-2026_21-10-22.pth,0.0386,0.0683,0.03,0.0683,0.0034,89.1238,0.904,0.4682,0.0001,0.0139,88.183963,0.164249,3.284989,0.906346,0.000489,2.4e-05,0.836828,0.094524,0.008397
beyond-fairness-dataset/amazon-beauty/bm/dirichlet_bm_no_dis_seed_2022_default.log,amazon-beauty,bm,no_dis,2022,2023070,saved/sasrec_dirichlet_no_dis_bm_Apr-01-2026_01-17-00.pth,0.0385,0.0696,0.0296,0.0696,0.0035,101.6448,0.9118,0.4573,0.0001,0.0112,101.019768,0.142599,2.851975,0.920169,0.000502,2.1e-05,0.836683,0.096531,0.008583
beyond-fairness-dataset/amazon-beauty/bm/dirichlet_bm_no_dis_seed_2023_default.log,amazon-beauty,bm,no_dis,2023,2023070,saved/sasrec_dirichlet_no_dis_bm_Apr-01-2026_21-07-51.pth,0.0388,0.0693,0.03,0.0693,0.0035,85.9232,0.9056,0.4659,0.0001,0.0124,85.130774,0.16308,3.261594,0.907106,0.00049,2.4e-05,0.835961,0.096329,0.008607
beyond-fairness-dataset/amazon-beauty/bm/dirichlet_bm_ua_seed_2020_default.log,amazon-beauty,bm,ua,2020,2023070,saved/sasrec_dirichlet_ua_bm_Mar-30-2026_14-12-21.pth,0.0378,0.0702,0.0285,0.0702,0.0035,98.4843,0.9151,0.4504,0.0001,0.0105,97.766101,0.138212,2.76423,0.922909,0.000505,2e-05,0.84147,0.097808,0.00842
beyond-fairness-dataset/amazon-beauty/bm/dirichlet_bm_ua_seed_2021_default.log,amazon-beauty,bm,ua,2021,2023070,saved/sasrec_dirichlet_ua_bm_Mar-26-2026_20-54-26.pth,0.0388,0.0692,0.03,0.0692,0.0035,87.772,0.9065,0.4656,0.0001,0.0123,86.971633,0.159628,3.192558,0.909339,0.000492,2.3e-05,0.835115,0.09631,0.008653
beyond-fairness-dataset/amazon-beauty/bm/dirichlet_bm_ua_seed_2023_default.log,amazon-beauty,bm,ua,2023,2023070,saved/sasrec_dirichlet_ua_bm_Apr-01-2026_21-06-22.pth,0.0388,0.0693,0.03,0.0693,0.0035,85.9125,0.9056,0.4658,0.0001,0.0124,85.1082,0.163032,3.260642,0.907136,0.00049,2.4e-05,0.835931,0.09631,0.008607
beyond-fairness-dataset/amazon-beauty/mcd/mcd_no_dis_2020_default.log,amazon-beauty,mcd,no_dis,,2023070,saved/sasrec_mcd_Apr-05-2026_14-20-37.pth,0.0292,0.0608,0.02,0.0608,0.003,100.6953,0.9278,0.3777,0.0001,0.0175,1.523751,0.355685,7.113691,0.02314,6.6e-05,6.3e-05,0.51872,9.9e-05,3.1e-05
beyond-fairness-dataset/amazon-beauty/mcd/mcd_ua_2020_default.log,amazon-beauty,mcd,ua,,2023070,saved/sasrec_mcd_ua_Apr-05-2026_14-21-24.pth,0.0292,0.0608,0.02,0.0608,0.003,100.6953,0.9278,0.3777,0.0001,0.0175,1.523751,0.355685,7.113691,0.02314,6.6e-05,6.3e-05,0.51872,9.9e-05,3.1e-05
beyond-fairness-dataset/amazon-beauty/bm/dirichlet_bm_ue_seed_2020_default.log,amazon-beauty,bm,ue,2020,2023070,saved/sasrec_dirichlet_ue_bm_Mar-30-2026_14-11-35.pth,0.0378,0.0702,0.0285,0.0702,0.0035,98.4643,0.9151,0.4503,0.0001,0.0105,97.751165,0.138187,2.76374,0.922925,0.000505,2e-05,0.840965,0.097741,0.008444
beyond-fairness-dataset/amazon-beauty/bm/dirichlet_bm_ue_seed_2021_default.log,amazon-beauty,bm,ue,2021,2023070,saved/sasrec_dirichlet_ue_bm_Mar-26-2026_20-54-39.pth,0.0388,0.0692,0.03,0.0692,0.0035,87.7502,0.9065,0.4656,0.0001,0.0123,86.946286,0.159655,3.193102,0.909322,0.000492,2.3e-05,0.835055,0.096272,0.008653
beyond-fairness-dataset/movielens/edl/dirichlet_edl_no_dis_seed_2021_default.log,movielens,edl,no_dis,2021,1000209,saved/sasrec_dirichlet_no_dis_edl_Apr-19-2026_15-04-23.pth,0.1651,0.3609,0.1101,0.3609,0.018,906.6429,0.7889,0.5564,0.0032,0.0,832.8037,0.295828,5.916556,0.816182,0.019834,0.002007,0.280641,0.482887,0.271246
beyond-fairness-dataset/amazon-beauty/bm/dirichlet_bm_ue_seed_2022_default.log,amazon-beauty,bm,ue,2022,2023070,saved/sasrec_dirichlet_ue_bm_Apr-01-2026_01-18-36.pth,0.0385,0.0696,0.0296,0.0696,0.0035,101.6348,0.9118,0.4573,0.0001,0.0112,101.010455,0.142624,2.852485,0.920153,0.000502,2.1e-05,0.836623,0.096493,0.008583
beyond-fairness-dataset/movielens/edl/dirichlet_edl_no_dis_seed_2022_default.log,movielens,edl,no_dis,2022,1000209,saved/sasrec_dirichlet_no_dis_edl_Apr-20-2026_12-01-23.pth,0.1702,0.3682,0.1145,0.3682,0.0184,909.776,0.7906,0.5512,0.0033,0.0,834.009445,0.293816,5.876325,0.81779,0.019891,0.001994,0.28172,0.48952,0.274328
beyond-fairness-dataset/movielens/edl/dirichlet_edl_no_dis_seed_2023_default.log,movielens,edl,no_dis,2023,1000209,saved/sasrec_dirichlet_no_dis_edl_Apr-20-2026_18-04-49.pth,0.1667,0.3609,0.112,0.3609,0.018,910.7482,0.7928,0.5427,0.0033,0.0,837.119429,0.29029,5.805795,0.820595,0.01999,0.00197,0.29392,0.488193,0.266402
beyond-fairness-dataset/movielens/edl/dirichlet_edl_no_dis_seed_2024_default.log,movielens,edl,no_dis,2024,1000209,saved/sasrec_dirichlet_no_dis_edl_Apr-21-2026_08-39-22.pth,0.1689,0.3652,0.1137,0.3652,0.0183,903.4114,0.7894,0.5543,0.0032,0.0,828.658171,0.298444,5.968874,0.81408,0.019761,0.002025,0.269639,0.486071,0.279613
beyond-fairness-dataset/movielens/edl/dirichlet_edl_no_dis_seed_2020.log,movielens,edl,no_dis,2020,1000209,saved/SASRec_dirichlet_seed_2020_edl_no_dis_posthoc.pth,0.1654,0.3634,0.1096,0.3634,0.0182,909.3637,0.7913,0.5474,0.0033,0.0,71.300872,0.17663,3.532594,0.89822,0.001202,6.4e-05,0.845214,0.096542,0.008098
beyond-fairness-dataset/movielens/edl/dirichlet_edl_ua_seed_2021_default.log,movielens,edl,ua,2021,1000209,saved/sasrec_dirichlet_ua_edl_Apr-19-2026_15-02-28.pth,0.1652,0.3611,0.1101,0.3611,0.0181,906.7775,0.7889,0.5564,0.0032,0.0,832.869396,0.295695,5.913907,0.816288,0.019838,0.002007,0.280894,0.483152,0.271246
beyond-fairness-dataset/amazon-beauty/bm/dirichlet_bm_ue_seed_2023_default.log,amazon-beauty,bm,ue,2023,2023070,saved/sasrec_dirichlet_ue_bm_Apr-01-2026_01-20-16.pth,0.0388,0.0693,0.03,0.0693,0.0035,85.9168,0.9055,0.4658,0.0001,0.0124,85.121502,0.163194,3.26388,0.907031,0.00049,2.4e-05,0.835976,0.096339,0.008607
beyond-fairness-dataset/movielens/edl/dirichlet_edl_ua_seed_2022_default.log,movielens,edl,ua,2022,1000209,saved/sasrec_dirichlet_ua_edl_Apr-20-2026_12-01-10.pth,0.1701,0.368,0.1145,0.368,0.0184,909.915,0.7907,0.5499,0.0033,0.0,834.426118,0.293601,5.87202,0.817962,0.019897,0.001992,0.28148,0.49005,0.274769
beyond-fairness-dataset/movielens/edl/dirichlet_edl_ua_seed_2023_default.log,movielens,edl,ua,2023,1000209,saved/sasrec_dirichlet_ua_edl_Apr-20-2026_18-04-27.pth,0.1668,0.3614,0.112,0.3614,0.0181,910.9384,0.7929,0.5425,0.0033,0.0,837.176192,0.290215,5.804305,0.820654,0.019992,0.001969,0.294179,0.487663,0.265962
beyond-fairness-dataset/movielens/edl/dirichlet_edl_ua_seed_2024_default.log,movielens,edl,ua,2024,1000209,saved/sasrec_dirichlet_ua_edl_Apr-21-2026_08-39-53.pth,0.1688,0.3656,0.1135,0.3656,0.0183,903.702,0.7894,0.5548,0.0032,0.0,828.998518,0.29822,5.964404,0.81426,0.019767,0.002024,0.269162,0.486336,0.280053
beyond-fairness-dataset/movielens/edl/dirichlet_edl_ue_seed_2021_default.log,movielens,edl,ue,2021,1000209,saved/sasrec_dirichlet_ue_edl_Apr-19-2026_15-01-25.pth,0.1651,0.3613,0.1099,0.3613,0.0181,907.3931,0.789,0.5561,0.0032,0.0,833.617906,0.295265,5.905298,0.816632,0.01985,0.002004,0.281389,0.482887,0.270806
beyond-fairness-dataset/movielens/edl/dirichlet_edl_ue_seed_2022_default.log,movielens,edl,ue,2022,1000209,saved/sasrec_dirichlet_ue_edl_Apr-20-2026_12-01-03.pth,0.1702,0.3682,0.1146,0.3682,0.0184,910.1785,0.7908,0.5499,0.0033,0.0,834.75226,0.293518,5.870364,0.818028,0.019899,0.001992,0.283455,0.490581,0.273888
beyond-fairness-dataset/movielens/edl/dirichlet_edl_ue_seed_2023_default.log,movielens,edl,ue,2023,1000209,saved/sasrec_dirichlet_ue_edl_Apr-20-2026_18-04-13.pth,0.1667,0.3611,0.112,0.3611,0.0181,911.0003,0.7928,0.5415,0.0033,0.0,837.589404,0.290257,5.805132,0.820622,0.019991,0.00197,0.295419,0.488989,0.265962
beyond-fairness-dataset/movielens/edl/dirichlet_edl_ue_seed_2024_default.log,movielens,edl,ue,2024,1000209,saved/sasrec_dirichlet_ue_edl_Apr-21-2026_08-40-05.pth,0.1682,0.3651,0.1129,0.3651,0.0183,904.614,0.7894,0.5536,0.0033,0.0,830.715977,0.297707,5.954139,0.814673,0.019781,0.00202,0.268465,0.487132,0.280934
beyond-fairness-dataset/amazon-beauty/mcd/mcd_ue_2020_default.log,amazon-beauty,mcd,ue,,2023070,saved/sasrec_mcd_ueApr-05-2026_14-21-32.pth,0.0297,0.0616,0.0204,0.0616,0.0031,99.429,0.9233,0.3929,0.0001,0.0175,1.523751,0.355685,7.113691,0.02314,6.6e-05,6.3e-05,0.51872,9.9e-05,3.1e-05
beyond-fairness-dataset/movielens/edl/dirichlet_edl_ua_seed_2020.log,movielens,edl,ua,2020,1000209,saved/SASRec_dirichlet_seed_2020_edl_no_dis_ua_posthoc.pth,0.1653,0.3631,0.1096,0.3631,0.0182,909.3201,0.7913,0.5469,0.0033,0.0,71.334629,0.17658,3.531608,0.898253,0.001203,6.4e-05,0.845214,0.096542,0.008098
beyond-fairness-dataset/movielens/bm/dirichlet_bm_no_dis_seed_2020_default.log,movielens,bm,no_dis,2020,1000209,saved/SASRec_dirichlet_ml-1m_seed_2020_bm_no_dis_posthoc_default.pth,0.1663,0.3659,0.1101,0.3659,0.0183,905.9016,0.7894,0.5518,0.0033,0.0,831.129387,0.296043,5.920861,0.816009,0.019828,0.002009,0.278021,0.488724,0.27609
beyond-fairness-dataset/movielens/bm/dirichlet_bm_no_dis_seed_2021_default.log,movielens,bm,no_dis,2021,1000209,saved/sasrec_dirichlet_no_dis_bm_Apr-19-2026_14-58-49.pth,0.1653,0.3608,0.1103,0.3608,0.018,905.8486,0.7884,0.5618,0.0032,0.0,832.563982,0.297591,5.951821,0.814766,0.019785,0.002019,0.284643,0.483152,0.269044
beyond-fairness-dataset/movielens/edl/dirichlet_edl_ue_seed_2020.log,movielens,edl,ue,2020,1000209,saved/SASRec_dirichlet_ue_seed_2020_edl_posthoc.pth,0.1654,0.3637,0.1095,0.3637,0.0182,907.5712,0.7901,0.5463,0.0033,0.0,71.387869,0.17652,3.530405,0.898293,0.001203,6.4e-05,0.845214,0.096542,0.008098
beyond-fairness-dataset/movielens/de/de_no_dis_default.log,movielens,de,no_dis,,1000209,saved/ensembles/movielens/default/de_no_dis/SASRec_DE_posthoc_member1.pth saved/ensembles/movielens/default/de_no_dis/SASRec_DE_posthoc_member2.pth saved/ensembles/movielens/default/de_no_dis/SASRec_DE_posthoc_member3.pth saved/ensembles/movielens/default/de_no_dis/SASRec_DE_posthoc_member4.pth saved/ensembles/movielens/default/de_no_dis/SASRec_DE_posthoc_member5.pth,0.1681,0.3608,0.1137,0.3608,0.018,923.9255,0.7622,0.6789,0.0027,0.0003,307.408965,0.745952,14.91904,0.063213,0.005747,0.005064,0.613699,0.001873,0.007823
beyond-fairness-dataset/movielens/bm/dirichlet_bm_no_dis_seed_2022_default.log,movielens,bm,no_dis,2022,1000209,saved/sasrec_dirichlet_no_dis_bm_Apr-20-2026_12-01-55.pth,0.1706,0.3679,0.1151,0.3679,0.0184,908.0988,0.79,0.5561,0.0032,0.0,833.861531,0.295397,5.907947,0.816526,0.019846,0.002005,0.2788,0.491112,0.27697
beyond-fairness-dataset/movielens/de/de_ua_default.log,movielens,de,ua,,1000209,saved/ensembles/movielens/default/de_ue/SASRec_DE_posthoc_member1.pth saved/ensembles/movielens/default/de_ue/SASRec_DE_posthoc_member2.pth saved/ensembles/movielens/default/de_ue/SASRec_DE_posthoc_member3.pth saved/ensembles/movielens/default/de_ue/SASRec_DE_posthoc_member4.pth saved/ensembles/movielens/default/de_ue/SASRec_DE_posthoc_member5.pth,0.1681,0.3608,0.1138,0.3608,0.018,923.8736,0.7622,0.6789,0.0027,0.0003,307.408965,0.745952,14.91904,0.063213,0.005747,0.005064,0.613699,0.001873,0.007823
beyond-fairness-dataset/movielens/bm/dirichlet_bm_no_dis_seed_2023_default.log,movielens,bm,no_dis,2023,1000209,saved/sasrec_dirichlet_no_dis_bm_Apr-20-2026_18-03-13.pth,0.1686,0.3657,0.1132,0.3657,0.0183,902.5847,0.7883,0.5554,0.0032,0.0,829.413444,0.297699,5.953974,0.81468,0.019782,0.00202,0.281701,0.487928,0.273448
beyond-fairness-dataset/movielens/de/de_ue_default.log,movielens,de,ue,,1000209,saved/ensembles/movielens/default/de_ua/SASRec_DE_posthoc_ue_member1.pth saved/ensembles/movielens/default/de_ua/SASRec_DE_posthoc_ue_member2.pth saved/ensembles/movielens/default/de_ua/SASRec_DE_posthoc_ue_member3.pth saved/ensembles/movielens/default/de_ua/SASRec_DE_posthoc_ue_member4.pth saved/ensembles/movielens/default/de_ua/SASRec_DE_posthoc_ue_member5.pth,0.168,0.3603,0.1138,0.3603,0.018,924.373,0.7622,0.6789,0.0027,0.0003,307.408965,0.745952,14.91904,0.063213,0.005747,0.005064,0.613699,0.001873,0.007823
beyond-fairness-dataset/movielens/bm/dirichlet_bm_ua_seed_2021_default.log,movielens,bm,ua,2021,1000209,saved/sasrec_dirichlet_ua_bm_Apr-19-2026_14-59-49.pth,0.1642,0.3611,0.1089,0.3611,0.0181,906.8824,0.7892,0.56,0.0032,0.0,832.946325,0.296631,5.932616,0.815538,0.019812,0.002013,0.278386,0.482091,0.272127
beyond-fairness-dataset/movielens/bm/dirichlet_bm_no_dis_seed_2024_default.log,movielens,bm,no_dis,2024,1000209,saved/sasrec_dirichlet_no_dis_bm_Apr-21-2026_08-40-46.pth,0.1702,0.3674,0.1148,0.3674,0.0184,901.1211,0.7885,0.5613,0.0032,0.0,827.738907,0.300563,6.011258,0.81237,0.019701,0.00204,0.270732,0.48952,0.280934
beyond-fairness-dataset/movielens/bm/dirichlet_bm_ua_seed_2022_default.log,movielens,bm,ua,2022,1000209,saved/sasrec_dirichlet_ua_bm_Apr-20-2026_12-02-37.pth,0.1707,0.3682,0.1151,0.3682,0.0184,909.2493,0.7901,0.5551,0.0032,0.0,834.832525,0.294619,5.892384,0.817149,0.019868,0.001999,0.284687,0.490316,0.273007
beyond-fairness-dataset/movielens/bm/dirichlet_bm_ua_seed_2023_default.log,movielens,bm,ua,2023,1000209,saved/sasrec_dirichlet_ua_bm_Apr-20-2026_18-03-50.pth,0.1681,0.3642,0.1129,0.3642,0.0182,908.1985,0.7918,0.5489,0.0033,0.0,835.424478,0.293353,5.867053,0.81816,0.019904,0.001991,0.289896,0.490316,0.269925
beyond-fairness-dataset/movielens/bm/dirichlet_bm_ua_seed_2024_default.log,movielens,bm,ua,2024,1000209,saved/sasrec_dirichlet_ua_bm_Apr-21-2026_08-41-19.pth,0.1703,0.3675,0.1148,0.3675,0.0184,901.2303,0.7885,0.5602,0.0032,0.0,827.919578,0.30048,6.009603,0.812437,0.019703,0.002039,0.272663,0.489254,0.279613
beyond-fairness-dataset/movielens/bm/dirichlet_bm_ue_seed_2021_default.log,movielens,bm,ue,2021,1000209,saved/sasrec_dirichlet_ue_bm_Apr-19-2026_14-59-59.pth,0.1654,0.3618,0.1102,0.3618,0.0181,906.3907,0.7886,0.5618,0.0032,0.0,833.409263,0.297003,5.940066,0.815239,0.019801,0.002015,0.286654,0.484479,0.268604
beyond-fairness-dataset/movielens/bm/dirichlet_bm_ue_seed_2022_default.log,movielens,bm,ue,2022,1000209,saved/sasrec_dirichlet_ue_bm_Apr-20-2026_12-02-46.pth,0.1706,0.368,0.1151,0.368,0.0184,908.6223,0.7903,0.5559,0.0032,0.0,834.296333,0.295066,5.901325,0.816791,0.019856,0.002002,0.282493,0.492704,0.275649
beyond-fairness-dataset/movielens/mcd/mcd_no_dis_2021_default.log,movielens,mcd,no_dis,,1000209,saved/sasrec_mcd_Apr-26-2026_09-42-20.pth,0.1638,0.3536,0.1103,0.3536,0.0177,796.4803,0.7096,0.7358,0.0026,0.0005,307.408965,0.745952,14.91904,0.063213,0.005747,0.005064,0.613699,0.001873,0.007823
beyond-fairness-dataset/movielens/bm/dirichlet_bm_ue_seed_2024_default.log,movielens,bm,ue,2024,1000209,saved/sasrec_dirichlet_ue_bm_Apr-21-2026_08-41-36.pth,0.1706,0.3682,0.1151,0.3682,0.0184,901.3127,0.7886,0.5615,0.0032,0.0,827.913469,0.30043,6.008609,0.812477,0.019705,0.002039,0.269,0.488458,0.281374
beyond-fairness-dataset/movielens/bm/dirichlet_bm_ue_seed_2023_default.log,movielens,bm,ue,2023,1000209,saved/sasrec_dirichlet_ue_bm_Apr-20-2026_18-04-00.pth,0.1682,0.3651,0.1128,0.3651,0.0183,908.5771,0.7918,0.5492,0.0033,0.0,835.867161,0.29346,5.869205,0.818074,0.019901,0.001991,0.289397,0.490581,0.270365
beyond-fairness-dataset/movielens/mcd/mcd_no_dis_seed_2020_default.log,movielens,mcd,no_dis,2020,1000209,saved/SASRec_exua_posthoc.pth,,,,,,,,,,,307.408965,0.745952,14.91904,0.063213,0.005747,0.005064,0.613699,0.001873,0.007823
beyond-fairness-dataset/movielens/mcd/mcd_no_dis_seed_2022_default.log,movielens,mcd,no_dis,2022,1000209,saved/sasrec_mcd_Apr-30-2026_16-25-15.pth,0.1693,0.3666,0.114,0.3666,0.0183,783.0553,0.7048,0.7412,0.0025,0.0006,307.408965,0.745952,14.91904,0.063213,0.005747,0.005064,0.613699,0.001873,0.007823
beyond-fairness-dataset/movielens/mcd/mcd_seed_2020_ua.log,movielens,mcd,ua,2020,1000209,saved/sasrec_mcd_exua_ua_seed_2020_posthoc.pth,0.1665,0.3619,0.1116,0.3619,0.0181,787.9635,0.7049,0.7412,0.0025,0.0005,307.408965,0.745952,14.91904,0.063213,0.005747,0.005064,0.613699,0.001873,0.007823
beyond-fairness-dataset/movielens/mcd/mcd_no_dis_seed_2023_default.log,movielens,mcd,no_dis,2023,1000209,saved/sasrec_mcd_Apr-30-2026_16-27-06.pth,0.1661,0.3613,0.1113,0.3613,0.0181,788.1291,0.7081,0.734,0.0026,0.0006,307.408965,0.745952,14.91904,0.063213,0.005747,0.005064,0.613699,0.001873,0.007823
beyond-fairness-dataset/movielens/mcd/mcd_seed_2020_ue.log,movielens,mcd,ue,2020,1000209,saved/sasrec_mcd_exua_ue_seed_2020_posthoc.pth,0.1663,0.3601,0.1118,0.3601,0.018,788.2618,0.7048,0.7428,0.0025,0.0004,307.408965,0.745952,14.91904,0.063213,0.005747,0.005064,0.613699,0.001873,0.007823
beyond-fairness-dataset/movielens/mcd/mcd_ua_2021_default.log,movielens,mcd,ua,,1000209,saved/sasrec_mcd_ua_Apr-26-2026_09-42-47.pth,0.1638,0.3536,0.1103,0.3536,0.0177,796.4803,0.7096,0.7358,0.0026,0.0005,307.408965,0.745952,14.91904,0.063213,0.005747,0.005064,0.613699,0.001873,0.007823
beyond-fairness-dataset/movielens/mcd/mcd_ue_2021_default.log,movielens,mcd,ue,,1000209,saved/sasrec_mcd_ueApr-26-2026_09-42-56.pth,0.1633,0.3528,0.1099,0.3528,0.0176,795.2079,0.7086,0.7348,0.0026,0.0005,307.408965,0.745952,14.91904,0.063213,0.005747,0.005064,0.613699,0.001873,0.007823
beyond-fairness-dataset/movielens/mcd/mcd_ua_2022_default.log,movielens,mcd,ua,,1000209,saved/sasrec_mcd_ua_Apr-26-2026_09-44-51.pth,0.1693,0.3666,0.114,0.3666,0.0183,783.0553,0.7048,0.7412,0.0025,0.0006,307.408965,0.745952,14.91904,0.063213,0.005747,0.005064,0.613699,0.001873,0.007823
beyond-fairness-dataset/movielens/mcd/mcd_ua_2023_default.log,movielens,mcd,ua,,1000209,saved/sasrec_mcd_ua_Apr-30-2026_16-27-52.pth,0.1661,0.3613,0.1113,0.3613,0.0181,788.1291,0.7081,0.734,0.0026,0.0006,307.408965,0.745952,14.91904,0.063213,0.005747,0.005064,0.613699,0.001873,0.007823
beyond-fairness-dataset/movielens/mcd/mcd_ue_2023_default.log,movielens,mcd,ue,,1000209,saved/sasrec_mcd_ueApr-30-2026_16-27-59.pth,0.1661,0.3614,0.1113,0.3614,0.0181,788.7115,0.7083,0.7335,0.0026,0.0005,307.408965,0.745952,14.91904,0.063213,0.005747,0.005064,0.613699,0.001873,0.007823
beyond-fairness-dataset/movielens/mcd/mcd_ue_2022_default.log,movielens,mcd,ue,,1000209,saved/sasrec_mcd_ueApr-26-2026_09-44-39.pth,0.1686,0.3641,0.1136,0.3641,0.0182,785.4763,0.7049,0.7379,0.0026,0.0006,307.408965,0.745952,14.91904,0.063213,0.005747,0.005064,0.613699,0.001873,0.007823
beyond-fairness-dataset/movielens/bm/dirichlet_bm_ua_seed_2020.log,movielens,bm,ua,2020,1000209,saved/SASRec_dirichlet_seed_2020_bm_no_dis_ua_posthoc.pth,0.1657,0.3644,0.1097,0.3644,0.0182,910.0461,0.7906,0.5559,0.0032,0.0,109.776754,0.102287,2.045742,0.944619,0.001311,3.7e-05,0.87046,0.106058,0.007345
beyond-fairness-dataset/movielens/bm/dirichlet_bm_ue_seed_2020.log,movielens,bm,ue,2020,1000209,saved/SASRec_dirichlet_ue_seed_2020_bm_posthoc.pth,0.1664,0.3652,0.1104,0.3652,0.0183,905.5589,0.7884,0.56,0.0032,0.0,109.786804,0.102288,2.045758,0.944618,0.001311,3.7e-05,0.87046,0.106058,0.007345
beyond-fairness-dataset/amazon-beauty/bm/dirichlet_bm_ua_seed_2022_default.log,amazon-beauty,bm,ua,2022,2023070,,,,,,,,,,,,,,,,,,,,
beyond-fairness-dataset/amazon-beauty/mcd/mcd_dis_2020_default.log,amazon-beauty,mcd,no_dis,,2023070,,0.022,0.0468,0.0149,0.0468,0.0023,103.8496,0.959,0.2665,0.0001,0.0319,,,,,,,,,
